2026-06-28T00:00:03.616+05:30 DEBUG 17348 --- [smart-legal-backend] [http-nio-8080-exec-5] c.s.b.security.JwtAuthenticationFilter   : JWT authentication successful for user: ybm93274@gmail.com
2026-06-28T00:00:04.887+05:30 DEBUG 17348 --- [smart-legal-backend] [http-nio-8080-exec-8] c.s.b.security.JwtAuthenticationFilter   : JWT authentication successful for user: ybm93274@gmail.com
2026-06-28T00:07:49.250+05:30 DEBUG 17348 --- [smart-legal-backend] [http-nio-8080-exec-3] c.s.b.security.JwtAuthenticationFilter   : JWT authentication successful for user: ybm93274@gmail.com
2026-06-28T00:07:56.141+05:30 DEBUG 17348 --- [smart-legal-backend] [http-nio-8080-exec-6] c.s.b.security.JwtAuthenticationFilter   : JWT authentication successful for user: ybm93274@gmail.com
2026-06-28T00:22:40.715+05:30  INFO 17348 --- [smart-legal-backend] [SpringApplicationShutdownHook] o.s.m.s.b.SimpleBrokerMessageHandler     : Stopping...
2026-06-28T00:22:40.747+05:30  INFO 17348 --- [smart-legal-backend] [SpringApplicationShutdownHook] o.s.m.s.b.SimpleBrokerMessageHandler     : BrokerAvailabilityEvent[available=false, SimpleBrokerMessageHandler [org.springframework.messaging.simp.broker.DefaultSubscriptionRegistry@3116e9f2]]
2026-06-28T00:22:40.748+05:30  INFO 17348 --- [smart-legal-backend] [SpringApplicationShutdownHook] o.s.m.s.b.SimpleBrokerMessageHandler     : Stopped.
2026-06-28T00:22:41.138+05:30  INFO 17348 --- [smart-legal-backend] [SpringApplicationShutdownHook] j.LocalContainerEntityManagerFactoryBean : Closing JPA EntityManagerFactory for persistence unit 'default'
2026-06-28T00:22:41.336+05:30  INFO 17348 --- [smart-legal-backend] [SpringApplicationShutdownHook] com.zaxxer.hikari.HikariDataSource       : HikariPool-1 - Shutdown initiated...
2026-06-28T00:22:41.423+05:30  INFO 17348 --- [smart-legal-backend] [SpringApplicationShutdownHook] com.zaxxer.hikari.HikariDataSource       : HikariPool-1 - Shutdown completed.
2026-06-28T00:22:52.567+05:30  INFO 16504 --- [smart-legal-backend] [main] c.s.b.SmartLegalBackendApplication       : Starting SmartLegalBackendApplication using Java 23.0.2 with PID 16504 (C:\Users\yashu\OneDrive\Desktop\Smart-Legal-Assistance-System\backend\target\classes started by yashu in C:\Users\yashu\OneDrive\Desktop\Smart-Legal-Assistance-System)
2026-06-28T00:22:52.579+05:30 DEBUG 16504 --- [smart-legal-backend] [main] c.s.b.SmartLegalBackendApplication       : Running with Spring Boot v3.2.4, Spring v6.1.5
2026-06-28T00:22:52.586+05:30  INFO 16504 --- [smart-legal-backend] [main] c.s.b.SmartLegalBackendApplication       : No active profile set, falling back to 1 default profile: "default"
2026-06-28T00:22:57.212+05:30  INFO 16504 --- [smart-legal-backend] [main] .s.d.r.c.RepositoryConfigurationDelegate : Bootstrapping Spring Data JPA repositories in DEFAULT mode.
2026-06-28T00:22:57.596+05:30  INFO 16504 --- [smart-legal-backend] [main] .s.d.r.c.RepositoryConfigurationDelegate : Finished Spring Data repository scanning in 352 ms. Found 15 JPA repository interfaces.
2026-06-28T00:23:02.184+05:30  INFO 16504 --- [smart-legal-backend] [main] o.s.b.w.embedded.tomcat.TomcatWebServer  : Tomcat initialized with port 8080 (http)
2026-06-28T00:23:02.227+05:30  INFO 16504 --- [smart-legal-backend] [main] o.apache.catalina.core.StandardService   : Starting service [Tomcat]
2026-06-28T00:23:02.229+05:30  INFO 16504 --- [smart-legal-backend] [main] o.apache.catalina.core.StandardEngine    : Starting Servlet engine: [Apache Tomcat/10.1.19]
2026-06-28T00:23:02.524+05:30  INFO 16504 --- [smart-legal-backend] [main] o.a.c.c.C.[Tomcat].[localhost].[/]       : Initializing Spring embedded WebApplicationContext
2026-06-28T00:23:02.526+05:30  INFO 16504 --- [smart-legal-backend] [main] w.s.c.ServletWebServerApplicationContext : Root WebApplicationContext: initialization completed in 9650 ms
2026-06-28T00:23:04.048+05:30  INFO 16504 --- [smart-legal-backend] [main] o.hibernate.jpa.internal.util.LogHelper  : HHH000204: Processing PersistenceUnitInfo [name: default]
2026-06-28T00:23:04.443+05:30  INFO 16504 --- [smart-legal-backend] [main] org.hibernate.Version                    : HHH000412: Hibernate ORM core version 6.4.4.Final
2026-06-28T00:23:04.588+05:30  INFO 16504 --- [smart-legal-backend] [main] o.h.c.internal.RegionFactoryInitiator    : HHH000026: Second-level cache disabled
2026-06-28T00:23:05.294+05:30  INFO 16504 --- [smart-legal-backend] [main] o.s.o.j.p.SpringPersistenceUnitInfo      : No LoadTimeWeaver setup: ignoring JPA class transformer
2026-06-28T00:23:05.351+05:30  INFO 16504 --- [smart-legal-backend] [main] com.zaxxer.hikari.HikariDataSource       : HikariPool-1 - Starting...
2026-06-28T00:23:05.748+05:30  INFO 16504 --- [smart-legal-backend] [main] com.zaxxer.hikari.pool.HikariPool        : HikariPool-1 - Added connection com.mysql.cj.jdbc.ConnectionImpl@2b3242a5
2026-06-28T00:23:05.752+05:30  INFO 16504 --- [smart-legal-backend] [main] com.zaxxer.hikari.HikariDataSource       : HikariPool-1 - Start completed.
2026-06-28T00:23:05.903+05:30  WARN 16504 --- [smart-legal-backend] [main] org.hibernate.orm.deprecation            : HHH90000025: MySQLDialect does not need to be specified explicitly using 'hibernate.dialect' (remove the property setting and it will be selected by default)
2026-06-28T00:23:08.581+05:30  INFO 16504 --- [smart-legal-backend] [main] o.h.e.t.j.p.i.JtaPlatformInitiator       : HHH000489: No JTA platform available (set 'hibernate.transaction.jta.platform' to enable JTA platform integration)
2026-06-28T00:23:09.167+05:30  INFO 16504 --- [smart-legal-backend] [main] j.LocalContainerEntityManagerFactoryBean : Initialized JPA EntityManagerFactory for persistence unit 'default'
2026-06-28T00:23:10.452+05:30 DEBUG 16504 --- [smart-legal-backend] [main] c.s.b.security.JwtAuthenticationFilter   : Filter 'jwtAuthenticationFilter' configured for use
2026-06-28T00:23:10.850+05:30  INFO 16504 --- [smart-legal-backend] [main] o.s.d.j.r.query.QueryEnhancerFactory     : Hibernate is in classpath; If applicable, HQL parser will be used.
2026-06-28T00:23:13.585+05:30  WARN 16504 --- [smart-legal-backend] [main] c.s.backend.service.PaymentService       : Razorpay API keys not configured. Running in MOCK payment mode.
2026-06-28T00:23:16.122+05:30  INFO 16504 --- [smart-legal-backend] [main] o.s.b.a.e.web.EndpointLinksResolver      : Exposing 3 endpoint(s) beneath base path '/actuator'
2026-06-28T00:23:16.869+05:30  WARN 16504 --- [smart-legal-backend] [main] ion$DefaultTemplateResolverConfiguration : Cannot find template location: classpath:/templates/ (please add some templates, check your Thymeleaf configuration, or set spring.thymeleaf.check-template-location=false)
2026-06-28T00:23:18.028+05:30  INFO 16504 --- [smart-legal-backend] [main] o.s.b.w.embedded.tomcat.TomcatWebServer  : Tomcat started on port 8080 (http) with context path ''
2026-06-28T00:23:18.032+05:30  INFO 16504 --- [smart-legal-backend] [main] o.s.m.s.b.SimpleBrokerMessageHandler     : Starting...
2026-06-28T00:23:18.033+05:30  INFO 16504 --- [smart-legal-backend] [main] o.s.m.s.b.SimpleBrokerMessageHandler     : BrokerAvailabilityEvent[available=true, SimpleBrokerMessageHandler [org.springframework.messaging.simp.broker.DefaultSubscriptionRegistry@37095cad]]
2026-06-28T00:23:18.034+05:30  INFO 16504 --- [smart-legal-backend] [main] o.s.m.s.b.SimpleBrokerMessageHandler     : Started.
2026-06-28T00:23:18.060+05:30  INFO 16504 --- [smart-legal-backend] [main] c.s.b.SmartLegalBackendApplication       : Started SmartLegalBackendApplication in 27.776 seconds (process running for 29.56)
2026-06-28T00:23:44.756+05:30  INFO 16504 --- [smart-legal-backend] [http-nio-8080-exec-6] o.a.c.c.C.[Tomcat].[localhost].[/]       : Initializing Spring DispatcherServlet 'dispatcherServlet'
2026-06-28T00:23:44.757+05:30  INFO 16504 --- [smart-legal-backend] [http-nio-8080-exec-6] o.s.web.servlet.DispatcherServlet        : Initializing Servlet 'dispatcherServlet'
2026-06-28T00:23:44.764+05:30  INFO 16504 --- [smart-legal-backend] [http-nio-8080-exec-6] o.s.web.servlet.DispatcherServlet        : Completed initialization in 6 ms
2026-06-28T00:23:46.014+05:30 DEBUG 16504 --- [smart-legal-backend] [http-nio-8080-exec-10] c.s.b.security.JwtAuthenticationFilter   : JWT authentication successful for user: ybm93274@gmail.com
2026-06-28T00:23:46.015+05:30 DEBUG 16504 --- [smart-legal-backend] [http-nio-8080-exec-9] c.s.b.security.JwtAuthenticationFilter   : JWT authentication successful for user: ybm93274@gmail.com
2026-06-28T00:23:46.014+05:30 DEBUG 16504 --- [smart-legal-backend] [http-nio-8080-exec-3] c.s.b.security.JwtAuthenticationFilter   : JWT authentication successful for user: ybm93274@gmail.com
2026-06-28T00:23:46.015+05:30 DEBUG 16504 --- [smart-legal-backend] [http-nio-8080-exec-2] c.s.b.security.JwtAuthenticationFilter   : JWT authentication successful for user: ybm93274@gmail.com
2026-06-28T00:23:46.141+05:30 ERROR 16504 --- [smart-legal-backend] [http-nio-8080-exec-3] c.s.b.exception.GlobalExceptionHandler   : RuntimeException: When allowCredentials is true, allowedOrigins cannot contain the special value "*" since that cannot be set on the "Access-Control-Allow-Origin" response header. To allow credentials to a set of origins, list them explicitly or consider using "allowedOriginPatterns" instead.
2026-06-28T00:23:46.141+05:30 ERROR 16504 --- [smart-legal-backend] [http-nio-8080-exec-9] c.s.b.exception.GlobalExceptionHandler   : RuntimeException: When allowCredentials is true, allowedOrigins cannot contain the special value "*" since that cannot be set on the "Access-Control-Allow-Origin" response header. To allow credentials to a set of origins, list them explicitly or consider using "allowedOriginPatterns" instead.
2026-06-28T00:23:46.146+05:30 ERROR 16504 --- [smart-legal-backend] [http-nio-8080-exec-10] c.s.b.exception.GlobalExceptionHandler   : RuntimeException: When allowCredentials is true, allowedOrigins cannot contain the special value "*" since that cannot be set on the "Access-Control-Allow-Origin" response header. To allow credentials to a set of origins, list them explicitly or consider using "allowedOriginPatterns" instead.
2026-06-28T00:23:46.418+05:30 DEBUG 16504 --- [smart-legal-backend] [http-nio-8080-exec-5] c.s.b.security.JwtAuthenticationFilter   : JWT authentication successful for user: ybm93274@gmail.com
2026-06-28T00:23:46.425+05:30 DEBUG 16504 --- [smart-legal-backend] [http-nio-8080-exec-8] c.s.b.security.JwtAuthenticationFilter   : JWT authentication successful for user: ybm93274@gmail.com
2026-06-28T00:23:46.425+05:30 ERROR 16504 --- [smart-legal-backend] [http-nio-8080-exec-5] c.s.b.exception.GlobalExceptionHandler   : RuntimeException: When allowCredentials is true, allowedOrigins cannot contain the special value "*" since that cannot be set on the "Access-Control-Allow-Origin" response header. To allow credentials to a set of origins, list them explicitly or consider using "allowedOriginPatterns" instead.
2026-06-28T00:23:46.436+05:30 ERROR 16504 --- [smart-legal-backend] [http-nio-8080-exec-8] c.s.b.exception.GlobalExceptionHandler   : RuntimeException: When allowCredentials is true, allowedOrigins cannot contain the special value "*" since that cannot be set on the "Access-Control-Allow-Origin" response header. To allow credentials to a set of origins, list them explicitly or consider using "allowedOriginPatterns" instead.
2026-06-28T00:23:46.445+05:30 DEBUG 16504 --- [smart-legal-backend] [http-nio-8080-exec-4] c.s.b.security.JwtAuthenticationFilter   : JWT authentication successful for user: ybm93274@gmail.com
2026-06-28T00:23:46.448+05:30 DEBUG 16504 --- [smart-legal-backend] [http-nio-8080-exec-6] c.s.b.security.JwtAuthenticationFilter   : JWT authentication successful for user: ybm93274@gmail.com
2026-06-28T00:23:46.454+05:30 ERROR 16504 --- [smart-legal-backend] [http-nio-8080-exec-6] c.s.b.exception.GlobalExceptionHandler   : RuntimeException: When allowCredentials is true, allowedOrigins cannot contain the special value "*" since that cannot be set on the "Access-Control-Allow-Origin" response header. To allow credentials to a set of origins, list them explicitly or consider using "allowedOriginPatterns" instead.
2026-06-28T00:24:13.854+05:30 DEBUG 16504 --- [smart-legal-backend] [http-nio-8080-exec-1] c.s.b.security.JwtAuthenticationFilter   : JWT authentication successful for user: ybm93274@gmail.com
2026-06-28T00:24:17.867+05:30  INFO 16504 --- [smart-legal-backend] [MessageBroker-1] o.s.w.s.c.WebSocketMessageBrokerStats    : WebSocketSession[0 current WS(0)-HttpStream(0)-HttpPoll(0), 0 total, 0 closed abnormally (0 connect failure, 0 send limit, 0 transport error)], stompSubProtocol[processed CONNECT(0)-CONNECTED(0)-DISCONNECT(0)], stompBrokerRelay[null], inboundChannel[pool size = 0, active threads = 0, queued tasks = 0, completed tasks = 0], outboundChannel[pool size = 0, active threads = 0, queued tasks = 0, completed tasks = 0], sockJsScheduler[pool size = 1, active threads = 1, queued tasks = 0, completed tasks = 0]
2026-06-28T00:24:19.438+05:30 DEBUG 16504 --- [smart-legal-backend] [http-nio-8080-exec-7] c.s.b.security.JwtAuthenticationFilter   : JWT authentication successful for user: ybm93274@gmail.com
2026-06-28T00:31:54.556+05:30 DEBUG 16504 --- [smart-legal-backend] [http-nio-8080-exec-3] c.s.b.security.JwtAuthenticationFilter   : JWT authentication successful for user: ybm93274@gmail.com
2026-06-28T00:32:31.566+05:30 DEBUG 16504 --- [smart-legal-backend] [http-nio-8080-exec-2] c.s.b.security.JwtAuthenticationFilter   : JWT authentication successful for user: ybm93274@gmail.com
2026-06-28T00:32:46.024+05:30 DEBUG 16504 --- [smart-legal-backend] [http-nio-8080-exec-5] c.s.b.security.JwtAuthenticationFilter   : JWT authentication successful for user: ybm93274@gmail.com
2026-06-28T00:39:25.516+05:30 DEBUG 16504 --- [smart-legal-backend] [http-nio-8080-exec-4] c.s.b.security.JwtAuthenticationFilter   : JWT authentication successful for user: ybm93274@gmail.com
2026-06-28T00:39:25.516+05:30 DEBUG 16504 --- [smart-legal-backend] [http-nio-8080-exec-6] c.s.b.security.JwtAuthenticationFilter   : JWT authentication successful for user: ybm93274@gmail.com
2026-06-28T00:39:25.516+05:30 DEBUG 16504 --- [smart-legal-backend] [http-nio-8080-exec-7] c.s.b.security.JwtAuthenticationFilter   : JWT authentication successful for user: ybm93274@gmail.com
2026-06-28T00:39:25.516+05:30 DEBUG 16504 --- [smart-legal-backend] [http-nio-8080-exec-1] c.s.b.security.JwtAuthenticationFilter   : JWT authentication successful for user: ybm93274@gmail.com
2026-06-28T00:39:25.641+05:30 ERROR 16504 --- [smart-legal-backend] [http-nio-8080-exec-4] c.s.b.exception.GlobalExceptionHandler   : RuntimeException: When allowCredentials is true, allowedOrigins cannot contain the special value "*" since that cannot be set on the "Access-Control-Allow-Origin" response header. To allow credentials to a set of origins, list them explicitly or consider using "allowedOriginPatterns" instead.
2026-06-28T00:39:25.641+05:30 ERROR 16504 --- [smart-legal-backend] [http-nio-8080-exec-7] c.s.b.exception.GlobalExceptionHandler   : RuntimeException: When allowCredentials is true, allowedOrigins cannot contain the special value "*" since that cannot be set on the "Access-Control-Allow-Origin" response header. To allow credentials to a set of origins, list them explicitly or consider using "allowedOriginPatterns" instead.
2026-06-28T00:39:25.641+05:30 ERROR 16504 --- [smart-legal-backend] [http-nio-8080-exec-1] c.s.b.exception.GlobalExceptionHandler   : RuntimeException: When allowCredentials is true, allowedOrigins cannot contain the special value "*" since that cannot be set on the "Access-Control-Allow-Origin" response header. To allow credentials to a set of origins, list them explicitly or consider using "allowedOriginPatterns" instead.
2026-06-28T00:39:26.104+05:30 DEBUG 16504 --- [smart-legal-backend] [http-nio-8080-exec-9] c.s.b.security.JwtAuthenticationFilter   : JWT authentication successful for user: ybm93274@gmail.com
2026-06-28T00:39:26.151+05:30 DEBUG 16504 --- [smart-legal-backend] [http-nio-8080-exec-10] c.s.b.security.JwtAuthenticationFilter   : JWT authentication successful for user: ybm93274@gmail.com
2026-06-28T00:39:26.148+05:30 ERROR 16504 --- [smart-legal-backend] [http-nio-8080-exec-9] c.s.b.exception.GlobalExceptionHandler   : RuntimeException: When allowCredentials is true, allowedOrigins cannot contain the special value "*" since that cannot be set on the "Access-Control-Allow-Origin" response header. To allow credentials to a set of origins, list them explicitly or consider using "allowedOriginPatterns" instead.
2026-06-28T00:39:26.200+05:30 ERROR 16504 --- [smart-legal-backend] [http-nio-8080-exec-10] c.s.b.exception.GlobalExceptionHandler   : RuntimeException: When allowCredentials is true, allowedOrigins cannot contain the special value "*" since that cannot be set on the "Access-Control-Allow-Origin" response header. To allow credentials to a set of origins, list them explicitly or consider using "allowedOriginPatterns" instead.
2026-06-28T00:39:26.342+05:30 DEBUG 16504 --- [smart-legal-backend] [http-nio-8080-exec-3] c.s.b.security.JwtAuthenticationFilter   : JWT authentication successful for user: ybm93274@gmail.com
2026-06-28T00:39:26.371+05:30 ERROR 16504 --- [smart-legal-backend] [http-nio-8080-exec-3] c.s.b.exception.GlobalExceptionHandler   : RuntimeException: When allowCredentials is true, allowedOrigins cannot contain the special value "*" since that cannot be set on the "Access-Control-Allow-Origin" response header. To allow credentials to a set of origins, list them explicitly or consider using "allowedOriginPatterns" instead.
2026-06-28T00:39:26.402+05:30 DEBUG 16504 --- [smart-legal-backend] [http-nio-8080-exec-2] c.s.b.security.JwtAuthenticationFilter   : JWT authentication successful for user: ybm93274@gmail.com
2026-06-28T00:39:33.815+05:30 DEBUG 16504 --- [smart-legal-backend] [http-nio-8080-exec-5] c.s.b.security.JwtAuthenticationFilter   : JWT authentication successful for user: ybm93274@gmail.com
2026-06-28T00:39:49.165+05:30 DEBUG 16504 --- [smart-legal-backend] [http-nio-8080-exec-8] c.s.b.security.JwtAuthenticationFilter   : JWT authentication successful for user: ybm93274@gmail.com
2026-06-28T00:39:55.278+05:30 DEBUG 16504 --- [smart-legal-backend] [http-nio-8080-exec-7] c.s.b.security.JwtAuthenticationFilter   : JWT authentication successful for user: ybm93274@gmail.com
2026-06-28T00:39:55.568+05:30 ERROR 16504 --- [smart-legal-backend] [http-nio-8080-exec-7] c.s.b.exception.GlobalExceptionHandler   : RuntimeException: Could not write JSON: could not initialize proxy [com.smartlegal.backend.entity.LegalDocument#16] - no Session
2026-06-28T00:39:55.601+05:30 DEBUG 16504 --- [smart-legal-backend] [http-nio-8080-exec-1] c.s.b.security.JwtAuthenticationFilter   : JWT authentication successful for user: ybm93274@gmail.com
2026-06-28T00:39:55.627+05:30 ERROR 16504 --- [smart-legal-backend] [http-nio-8080-exec-1] c.s.b.exception.GlobalExceptionHandler   : RuntimeException: Could not write JSON: could not initialize proxy [com.smartlegal.backend.entity.LegalDocument#16] - no Session
2026-06-28T00:40:09.125+05:30 DEBUG 16504 --- [smart-legal-backend] [http-nio-8080-exec-6] c.s.b.security.JwtAuthenticationFilter   : JWT authentication successful for user: ybm93274@gmail.com
2026-06-28T00:40:09.136+05:30 ERROR 16504 --- [smart-legal-backend] [http-nio-8080-exec-6] c.s.b.exception.GlobalExceptionHandler   : RuntimeException: Could not write JSON: could not initialize proxy [com.smartlegal.backend.entity.LegalDocument#16] - no Session
2026-06-28T00:40:12.895+05:30 DEBUG 16504 --- [smart-legal-backend] [http-nio-8080-exec-9] c.s.b.security.JwtAuthenticationFilter   : JWT authentication successful for user: ybm93274@gmail.com
2026-06-28T00:40:12.946+05:30 ERROR 16504 --- [smart-legal-backend] [http-nio-8080-exec-9] c.s.b.exception.GlobalExceptionHandler   : RuntimeException: Could not write JSON: could not initialize proxy [com.smartlegal.backend.entity.LegalDocument#16] - no Session
2026-06-28T00:45:25.530+05:30 DEBUG 16504 --- [smart-legal-backend] [http-nio-8080-exec-2] c.s.b.security.JwtAuthenticationFilter   : JWT authentication successful for user: ybm93274@gmail.com
2026-06-28T00:45:25.530+05:30 DEBUG 16504 --- [smart-legal-backend] [http-nio-8080-exec-3] c.s.b.security.JwtAuthenticationFilter   : JWT authentication successful for user: ybm93274@gmail.com
2026-06-28T00:45:25.530+05:30 DEBUG 16504 --- [smart-legal-backend] [http-nio-8080-exec-10] c.s.b.security.JwtAuthenticationFilter   : JWT authentication successful for user: ybm93274@gmail.com
2026-06-28T00:45:25.530+05:30 DEBUG 16504 --- [smart-legal-backend] [http-nio-8080-exec-5] c.s.b.security.JwtAuthenticationFilter   : JWT authentication successful for user: ybm93274@gmail.com
2026-06-28T00:45:25.625+05:30 ERROR 16504 --- [smart-legal-backend] [http-nio-8080-exec-10] c.s.b.exception.GlobalExceptionHandler   : RuntimeException: When allowCredentials is true, allowedOrigins cannot contain the special value "*" since that cannot be set on the "Access-Control-Allow-Origin" response header. To allow credentials to a set of origins, list them explicitly or consider using "allowedOriginPatterns" instead.
2026-06-28T00:45:25.626+05:30 ERROR 16504 --- [smart-legal-backend] [http-nio-8080-exec-2] c.s.b.exception.GlobalExceptionHandler   : RuntimeException: When allowCredentials is true, allowedOrigins cannot contain the special value "*" since that cannot be set on the "Access-Control-Allow-Origin" response header. To allow credentials to a set of origins, list them explicitly or consider using "allowedOriginPatterns" instead.
2026-06-28T00:45:25.626+05:30 ERROR 16504 --- [smart-legal-backend] [http-nio-8080-exec-3] c.s.b.exception.GlobalExceptionHandler   : RuntimeException: When allowCredentials is true, allowedOrigins cannot contain the special value "*" since that cannot be set on the "Access-Control-Allow-Origin" response header. To allow credentials to a set of origins, list them explicitly or consider using "allowedOriginPatterns" instead.
2026-06-28T00:45:25.798+05:30 DEBUG 16504 --- [smart-legal-backend] [http-nio-8080-exec-4] c.s.b.security.JwtAuthenticationFilter   : JWT authentication successful for user: ybm93274@gmail.com
2026-06-28T00:45:25.827+05:30 ERROR 16504 --- [smart-legal-backend] [http-nio-8080-exec-4] c.s.b.exception.GlobalExceptionHandler   : RuntimeException: When allowCredentials is true, allowedOrigins cannot contain the special value "*" since that cannot be set on the "Access-Control-Allow-Origin" response header. To allow credentials to a set of origins, list them explicitly or consider using "allowedOriginPatterns" instead.
2026-06-28T00:45:25.900+05:30 DEBUG 16504 --- [smart-legal-backend] [http-nio-8080-exec-1] c.s.b.security.JwtAuthenticationFilter   : JWT authentication successful for user: ybm93274@gmail.com
2026-06-28T00:45:25.923+05:30 DEBUG 16504 --- [smart-legal-backend] [http-nio-8080-exec-7] c.s.b.security.JwtAuthenticationFilter   : JWT authentication successful for user: ybm93274@gmail.com
2026-06-28T00:45:25.931+05:30 ERROR 16504 --- [smart-legal-backend] [http-nio-8080-exec-7] c.s.b.exception.GlobalExceptionHandler   : RuntimeException: When allowCredentials is true, allowedOrigins cannot contain the special value "*" since that cannot be set on the "Access-Control-Allow-Origin" response header. To allow credentials to a set of origins, list them explicitly or consider using "allowedOriginPatterns" instead.
2026-06-28T00:45:25.937+05:30 DEBUG 16504 --- [smart-legal-backend] [http-nio-8080-exec-8] c.s.b.security.JwtAuthenticationFilter   : JWT authentication successful for user: ybm93274@gmail.com
2026-06-28T00:45:25.950+05:30 ERROR 16504 --- [smart-legal-backend] [http-nio-8080-exec-8] c.s.b.exception.GlobalExceptionHandler   : RuntimeException: When allowCredentials is true, allowedOrigins cannot contain the special value "*" since that cannot be set on the "Access-Control-Allow-Origin" response header. To allow credentials to a set of origins, list them explicitly or consider using "allowedOriginPatterns" instead.
2026-06-28T00:45:40.018+05:30 DEBUG 16504 --- [smart-legal-backend] [http-nio-8080-exec-6] c.s.b.security.JwtAuthenticationFilter   : JWT authentication successful for user: ybm93274@gmail.com
2026-06-28T00:45:41.101+05:30 DEBUG 16504 --- [smart-legal-backend] [http-nio-8080-exec-9] c.s.b.security.JwtAuthenticationFilter   : JWT authentication successful for user: ybm93274@gmail.com
2026-06-28T00:52:29.418+05:30 DEBUG 16504 --- [smart-legal-backend] [http-nio-8080-exec-3] c.s.b.security.JwtAuthenticationFilter   : JWT authentication successful for user: ybm93274@gmail.com
2026-06-28T00:52:29.801+05:30 ERROR 16504 --- [smart-legal-backend] [http-nio-8080-exec-3] c.s.b.exception.GlobalExceptionHandler   : RuntimeException: Could not write JSON: could not initialize proxy [com.smartlegal.backend.entity.LegalDocument#16] - no Session
2026-06-28T00:52:29.877+05:30 DEBUG 16504 --- [smart-legal-backend] [http-nio-8080-exec-5] c.s.b.security.JwtAuthenticationFilter   : JWT authentication successful for user: ybm93274@gmail.com
2026-06-28T00:52:29.901+05:30 ERROR 16504 --- [smart-legal-backend] [http-nio-8080-exec-5] c.s.b.exception.GlobalExceptionHandler   : RuntimeException: Could not write JSON: could not initialize proxy [com.smartlegal.backend.entity.LegalDocument#16] - no Session
2026-06-28T00:52:29.946+05:30 DEBUG 16504 --- [smart-legal-backend] [http-nio-8080-exec-4] c.s.b.security.JwtAuthenticationFilter   : JWT authentication successful for user: ybm93274@gmail.com
2026-06-28T00:52:29.965+05:30 ERROR 16504 --- [smart-legal-backend] [http-nio-8080-exec-4] c.s.b.exception.GlobalExceptionHandler   : RuntimeException: Could not write JSON: could not initialize proxy [com.smartlegal.backend.entity.LegalDocument#16] - no Session
2026-06-28T00:54:17.921+05:30  INFO 16504 --- [smart-legal-backend] [MessageBroker-1] o.s.w.s.c.WebSocketMessageBrokerStats    : WebSocketSession[0 current WS(0)-HttpStream(0)-HttpPoll(0), 0 total, 0 closed abnormally (0 connect failure, 0 send limit, 0 transport error)], stompSubProtocol[processed CONNECT(0)-CONNECTED(0)-DISCONNECT(0)], stompBrokerRelay[null], inboundChannel[pool size = 0, active threads = 0, queued tasks = 0, completed tasks = 0], outboundChannel[pool size = 0, active threads = 0, queued tasks = 0, completed tasks = 0], sockJsScheduler[pool size = 2, active threads = 1, queued tasks = 0, completed tasks = 1]
2026-06-28T00:59:30.247+05:30 DEBUG 16504 --- [smart-legal-backend] [http-nio-8080-exec-8] c.s.b.security.JwtAuthenticationFilter   : JWT authentication successful for user: ybm93274@gmail.com
2026-06-28T00:59:30.247+05:30 DEBUG 16504 --- [smart-legal-backend] [http-nio-8080-exec-1] c.s.b.security.JwtAuthenticationFilter   : JWT authentication successful for user: ybm93274@gmail.com
2026-06-28T00:59:30.247+05:30 DEBUG 16504 --- [smart-legal-backend] [http-nio-8080-exec-6] c.s.b.security.JwtAuthenticationFilter   : JWT authentication successful for user: ybm93274@gmail.com
2026-06-28T00:59:30.247+05:30 DEBUG 16504 --- [smart-legal-backend] [http-nio-8080-exec-7] c.s.b.security.JwtAuthenticationFilter   : JWT authentication successful for user: ybm93274@gmail.com
2026-06-28T00:59:30.378+05:30 ERROR 16504 --- [smart-legal-backend] [http-nio-8080-exec-6] c.s.b.exception.GlobalExceptionHandler   : RuntimeException: When allowCredentials is true, allowedOrigins cannot contain the special value "*" since that cannot be set on the "Access-Control-Allow-Origin" response header. To allow credentials to a set of origins, list them explicitly or consider using "allowedOriginPatterns" instead.
2026-06-28T00:59:30.378+05:30 ERROR 16504 --- [smart-legal-backend] [http-nio-8080-exec-7] c.s.b.exception.GlobalExceptionHandler   : RuntimeException: When allowCredentials is true, allowedOrigins cannot contain the special value "*" since that cannot be set on the "Access-Control-Allow-Origin" response header. To allow credentials to a set of origins, list them explicitly or consider using "allowedOriginPatterns" instead.
2026-06-28T00:59:30.378+05:30 ERROR 16504 --- [smart-legal-backend] [http-nio-8080-exec-8] c.s.b.exception.GlobalExceptionHandler   : RuntimeException: When allowCredentials is true, allowedOrigins cannot contain the special value "*" since that cannot be set on the "Access-Control-Allow-Origin" response header. To allow credentials to a set of origins, list them explicitly or consider using "allowedOriginPatterns" instead.
2026-06-28T00:59:30.658+05:30 DEBUG 16504 --- [smart-legal-backend] [http-nio-8080-exec-10] c.s.b.security.JwtAuthenticationFilter   : JWT authentication successful for user: ybm93274@gmail.com
2026-06-28T00:59:30.668+05:30 ERROR 16504 --- [smart-legal-backend] [http-nio-8080-exec-10] c.s.b.exception.GlobalExceptionHandler   : RuntimeException: When allowCredentials is true, allowedOrigins cannot contain the special value "*" since that cannot be set on the "Access-Control-Allow-Origin" response header. To allow credentials to a set of origins, list them explicitly or consider using "allowedOriginPatterns" instead.
2026-06-28T00:59:30.674+05:30 DEBUG 16504 --- [smart-legal-backend] [http-nio-8080-exec-2] c.s.b.security.JwtAuthenticationFilter   : JWT authentication successful for user: ybm93274@gmail.com
2026-06-28T00:59:30.688+05:30 ERROR 16504 --- [smart-legal-backend] [http-nio-8080-exec-2] c.s.b.exception.GlobalExceptionHandler   : RuntimeException: When allowCredentials is true, allowedOrigins cannot contain the special value "*" since that cannot be set on the "Access-Control-Allow-Origin" response header. To allow credentials to a set of origins, list them explicitly or consider using "allowedOriginPatterns" instead.
2026-06-28T00:59:30.714+05:30 DEBUG 16504 --- [smart-legal-backend] [http-nio-8080-exec-9] c.s.b.security.JwtAuthenticationFilter   : JWT authentication successful for user: ybm93274@gmail.com
2026-06-28T00:59:30.730+05:30 ERROR 16504 --- [smart-legal-backend] [http-nio-8080-exec-9] c.s.b.exception.GlobalExceptionHandler   : RuntimeException: When allowCredentials is true, allowedOrigins cannot contain the special value "*" since that cannot be set on the "Access-Control-Allow-Origin" response header. To allow credentials to a set of origins, list them explicitly or consider using "allowedOriginPatterns" instead.
2026-06-28T00:59:30.764+05:30 DEBUG 16504 --- [smart-legal-backend] [http-nio-8080-exec-3] c.s.b.security.JwtAuthenticationFilter   : JWT authentication successful for user: ybm93274@gmail.com
2026-06-28T00:59:35.430+05:30 DEBUG 16504 --- [smart-legal-backend] [http-nio-8080-exec-4] c.s.b.security.JwtAuthenticationFilter   : JWT authentication successful for user: ybm93274@gmail.com
2026-06-28T00:59:38.433+05:30 DEBUG 16504 --- [smart-legal-backend] [http-nio-8080-exec-7] c.s.b.security.JwtAuthenticationFilter   : JWT authentication successful for user: ybm93274@gmail.com
2026-06-28T00:59:42.141+05:30 DEBUG 16504 --- [smart-legal-backend] [http-nio-8080-exec-1] c.s.b.security.JwtAuthenticationFilter   : JWT authentication successful for user: ybm93274@gmail.com
2026-06-28T00:59:46.402+05:30 DEBUG 16504 --- [smart-legal-backend] [http-nio-8080-exec-2] c.s.b.security.JwtAuthenticationFilter   : JWT authentication successful for user: ybm93274@gmail.com
2026-06-28T00:59:56.539+05:30 DEBUG 16504 --- [smart-legal-backend] [http-nio-8080-exec-9] c.s.b.security.JwtAuthenticationFilter   : JWT authentication successful for user: ybm93274@gmail.com
2026-06-28T00:59:57.593+05:30 DEBUG 16504 --- [smart-legal-backend] [http-nio-8080-exec-3] c.s.b.security.JwtAuthenticationFilter   : JWT authentication successful for user: ybm93274@gmail.com
2026-06-28T01:00:20.060+05:30 DEBUG 16504 --- [smart-legal-backend] [http-nio-8080-exec-7] c.s.b.security.JwtAuthenticationFilter   : JWT authentication successful for user: ybm93274@gmail.com
2026-06-28T01:00:20.061+05:30 DEBUG 16504 --- [smart-legal-backend] [http-nio-8080-exec-6] c.s.b.security.JwtAuthenticationFilter   : JWT authentication successful for user: ybm93274@gmail.com
2026-06-28T01:00:20.068+05:30 ERROR 16504 --- [smart-legal-backend] [http-nio-8080-exec-6] c.s.b.exception.GlobalExceptionHandler   : RuntimeException: When allowCredentials is true, allowedOrigins cannot contain the special value "*" since that cannot be set on the "Access-Control-Allow-Origin" response header. To allow credentials to a set of origins, list them explicitly or consider using "allowedOriginPatterns" instead.
2026-06-28T01:00:20.069+05:30 DEBUG 16504 --- [smart-legal-backend] [http-nio-8080-exec-4] c.s.b.security.JwtAuthenticationFilter   : JWT authentication successful for user: ybm93274@gmail.com
2026-06-28T01:00:20.069+05:30 ERROR 16504 --- [smart-legal-backend] [http-nio-8080-exec-7] c.s.b.exception.GlobalExceptionHandler   : RuntimeException: When allowCredentials is true, allowedOrigins cannot contain the special value "*" since that cannot be set on the "Access-Control-Allow-Origin" response header. To allow credentials to a set of origins, list them explicitly or consider using "allowedOriginPatterns" instead.
2026-06-28T01:00:20.080+05:30 ERROR 16504 --- [smart-legal-backend] [http-nio-8080-exec-4] c.s.b.exception.GlobalExceptionHandler   : RuntimeException: When allowCredentials is true, allowedOrigins cannot contain the special value "*" since that cannot be set on the "Access-Control-Allow-Origin" response header. To allow credentials to a set of origins, list them explicitly or consider using "allowedOriginPatterns" instead.
2026-06-28T01:00:20.099+05:30 DEBUG 16504 --- [smart-legal-backend] [http-nio-8080-exec-1] c.s.b.security.JwtAuthenticationFilter   : JWT authentication successful for user: ybm93274@gmail.com
2026-06-28T01:00:20.172+05:30 DEBUG 16504 --- [smart-legal-backend] [http-nio-8080-exec-10] c.s.b.security.JwtAuthenticationFilter   : JWT authentication successful for user: ybm93274@gmail.com
2026-06-28T01:00:20.178+05:30 DEBUG 16504 --- [smart-legal-backend] [http-nio-8080-exec-9] c.s.b.security.JwtAuthenticationFilter   : JWT authentication successful for user: ybm93274@gmail.com
2026-06-28T01:00:20.182+05:30 ERROR 16504 --- [smart-legal-backend] [http-nio-8080-exec-10] c.s.b.exception.GlobalExceptionHandler   : RuntimeException: When allowCredentials is true, allowedOrigins cannot contain the special value "*" since that cannot be set on the "Access-Control-Allow-Origin" response header. To allow credentials to a set of origins, list them explicitly or consider using "allowedOriginPatterns" instead.
2026-06-28T01:00:20.188+05:30 ERROR 16504 --- [smart-legal-backend] [http-nio-8080-exec-9] c.s.b.exception.GlobalExceptionHandler   : RuntimeException: When allowCredentials is true, allowedOrigins cannot contain the special value "*" since that cannot be set on the "Access-Control-Allow-Origin" response header. To allow credentials to a set of origins, list them explicitly or consider using "allowedOriginPatterns" instead.
2026-06-28T01:00:20.191+05:30 DEBUG 16504 --- [smart-legal-backend] [http-nio-8080-exec-2] c.s.b.security.JwtAuthenticationFilter   : JWT authentication successful for user: ybm93274@gmail.com
2026-06-28T01:00:20.200+05:30 ERROR 16504 --- [smart-legal-backend] [http-nio-8080-exec-2] c.s.b.exception.GlobalExceptionHandler   : RuntimeException: When allowCredentials is true, allowedOrigins cannot contain the special value "*" since that cannot be set on the "Access-Control-Allow-Origin" response header. To allow credentials to a set of origins, list them explicitly or consider using "allowedOriginPatterns" instead.
2026-06-28T01:00:20.297+05:30 DEBUG 16504 --- [smart-legal-backend] [http-nio-8080-exec-3] c.s.b.security.JwtAuthenticationFilter   : JWT authentication successful for user: ybm93274@gmail.com
2026-06-28T01:01:01.236+05:30  INFO 16504 --- [smart-legal-backend] [SpringApplicationShutdownHook] o.s.m.s.b.SimpleBrokerMessageHandler     : Stopping...
2026-06-28T01:01:01.239+05:30  INFO 16504 --- [smart-legal-backend] [SpringApplicationShutdownHook] o.s.m.s.b.SimpleBrokerMessageHandler     : BrokerAvailabilityEvent[available=false, SimpleBrokerMessageHandler [org.springframework.messaging.simp.broker.DefaultSubscriptionRegistry@37095cad]]
2026-06-28T01:01:01.239+05:30  INFO 16504 --- [smart-legal-backend] [SpringApplicationShutdownHook] o.s.m.s.b.SimpleBrokerMessageHandler     : Stopped.
2026-06-28T01:01:01.358+05:30  INFO 16504 --- [smart-legal-backend] [SpringApplicationShutdownHook] j.LocalContainerEntityManagerFactoryBean : Closing JPA EntityManagerFactory for persistence unit 'default'
2026-06-28T01:01:01.407+05:30  INFO 16504 --- [smart-legal-backend] [SpringApplicationShutdownHook] com.zaxxer.hikari.HikariDataSource       : HikariPool-1 - Shutdown initiated...
2026-06-28T01:01:01.428+05:30  INFO 16504 --- [smart-legal-backend] [SpringApplicationShutdownHook] com.zaxxer.hikari.HikariDataSource       : HikariPool-1 - Shutdown completed.
2026-06-28T01:01:12.895+05:30  INFO 26940 --- [smart-legal-backend] [main] c.s.b.SmartLegalBackendApplication       : Starting SmartLegalBackendApplication using Java 23.0.2 with PID 26940 (C:\Users\yashu\OneDrive\Desktop\Smart-Legal-Assistance-System\backend\target\classes started by yashu in C:\Users\yashu\OneDrive\Desktop\Smart-Legal-Assistance-System)
2026-06-28T01:01:12.902+05:30 DEBUG 26940 --- [smart-legal-backend] [main] c.s.b.SmartLegalBackendApplication       : Running with Spring Boot v3.2.4, Spring v6.1.5
2026-06-28T01:01:12.906+05:30  INFO 26940 --- [smart-legal-backend] [main] c.s.b.SmartLegalBackendApplication       : No active profile set, falling back to 1 default profile: "default"
2026-06-28T01:01:17.752+05:30  INFO 26940 --- [smart-legal-backend] [main] .s.d.r.c.RepositoryConfigurationDelegate : Bootstrapping Spring Data JPA repositories in DEFAULT mode.
2026-06-28T01:01:18.243+05:30  INFO 26940 --- [smart-legal-backend] [main] .s.d.r.c.RepositoryConfigurationDelegate : Finished Spring Data repository scanning in 460 ms. Found 15 JPA repository interfaces.
2026-06-28T01:01:22.616+05:30  INFO 26940 --- [smart-legal-backend] [main] o.s.b.w.embedded.tomcat.TomcatWebServer  : Tomcat initialized with port 8080 (http)
2026-06-28T01:01:22.678+05:30  INFO 26940 --- [smart-legal-backend] [main] o.apache.catalina.core.StandardService   : Starting service [Tomcat]
2026-06-28T01:01:22.680+05:30  INFO 26940 --- [smart-legal-backend] [main] o.apache.catalina.core.StandardEngine    : Starting Servlet engine: [Apache Tomcat/10.1.19]
2026-06-28T01:01:23.120+05:30  INFO 26940 --- [smart-legal-backend] [main] o.a.c.c.C.[Tomcat].[localhost].[/]       : Initializing Spring embedded WebApplicationContext
2026-06-28T01:01:23.122+05:30  INFO 26940 --- [smart-legal-backend] [main] w.s.c.ServletWebServerApplicationContext : Root WebApplicationContext: initialization completed in 9920 ms
2026-06-28T01:01:24.865+05:30  INFO 26940 --- [smart-legal-backend] [main] o.hibernate.jpa.internal.util.LogHelper  : HHH000204: Processing PersistenceUnitInfo [name: default]
2026-06-28T01:01:25.272+05:30  INFO 26940 --- [smart-legal-backend] [main] org.hibernate.Version                    : HHH000412: Hibernate ORM core version 6.4.4.Final
2026-06-28T01:01:25.516+05:30  INFO 26940 --- [smart-legal-backend] [main] o.h.c.internal.RegionFactoryInitiator    : HHH000026: Second-level cache disabled
2026-06-28T01:01:26.599+05:30  INFO 26940 --- [smart-legal-backend] [main] o.s.o.j.p.SpringPersistenceUnitInfo      : No LoadTimeWeaver setup: ignoring JPA class transformer
2026-06-28T01:01:26.679+05:30  INFO 26940 --- [smart-legal-backend] [main] com.zaxxer.hikari.HikariDataSource       : HikariPool-1 - Starting...
2026-06-28T01:01:27.204+05:30  INFO 26940 --- [smart-legal-backend] [main] com.zaxxer.hikari.pool.HikariPool        : HikariPool-1 - Added connection com.mysql.cj.jdbc.ConnectionImpl@1fcc3461
2026-06-28T01:01:27.211+05:30  INFO 26940 --- [smart-legal-backend] [main] com.zaxxer.hikari.HikariDataSource       : HikariPool-1 - Start completed.
2026-06-28T01:01:27.389+05:30  WARN 26940 --- [smart-legal-backend] [main] org.hibernate.orm.deprecation            : HHH90000025: MySQLDialect does not need to be specified explicitly using 'hibernate.dialect' (remove the property setting and it will be selected by default)
2026-06-28T01:01:31.754+05:30  INFO 26940 --- [smart-legal-backend] [main] o.h.e.t.j.p.i.JtaPlatformInitiator       : HHH000489: No JTA platform available (set 'hibernate.transaction.jta.platform' to enable JTA platform integration)
2026-06-28T01:01:32.905+05:30  INFO 26940 --- [smart-legal-backend] [main] j.LocalContainerEntityManagerFactoryBean : Initialized JPA EntityManagerFactory for persistence unit 'default'
2026-06-28T01:01:34.739+05:30 DEBUG 26940 --- [smart-legal-backend] [main] c.s.b.security.JwtAuthenticationFilter   : Filter 'jwtAuthenticationFilter' configured for use
2026-06-28T01:01:35.300+05:30  INFO 26940 --- [smart-legal-backend] [main] o.s.d.j.r.query.QueryEnhancerFactory     : Hibernate is in classpath; If applicable, HQL parser will be used.
2026-06-28T01:01:39.498+05:30  WARN 26940 --- [smart-legal-backend] [main] c.s.backend.service.PaymentService       : Razorpay API keys not configured. Running in MOCK payment mode.
2026-06-28T01:01:43.074+05:30  INFO 26940 --- [smart-legal-backend] [main] o.s.b.a.e.web.EndpointLinksResolver      : Exposing 3 endpoint(s) beneath base path '/actuator'
2026-06-28T01:01:44.275+05:30  WARN 26940 --- [smart-legal-backend] [main] ion$DefaultTemplateResolverConfiguration : Cannot find template location: classpath:/templates/ (please add some templates, check your Thymeleaf configuration, or set spring.thymeleaf.check-template-location=false)
2026-06-28T01:01:46.085+05:30  INFO 26940 --- [smart-legal-backend] [main] o.s.b.w.embedded.tomcat.TomcatWebServer  : Tomcat started on port 8080 (http) with context path ''
2026-06-28T01:01:46.090+05:30  INFO 26940 --- [smart-legal-backend] [main] o.s.m.s.b.SimpleBrokerMessageHandler     : Starting...
2026-06-28T01:01:46.091+05:30  INFO 26940 --- [smart-legal-backend] [main] o.s.m.s.b.SimpleBrokerMessageHandler     : BrokerAvailabilityEvent[available=true, SimpleBrokerMessageHandler [org.springframework.messaging.simp.broker.DefaultSubscriptionRegistry@2c9369c3]]
2026-06-28T01:01:46.092+05:30  INFO 26940 --- [smart-legal-backend] [main] o.s.m.s.b.SimpleBrokerMessageHandler     : Started.
2026-06-28T01:01:46.132+05:30  INFO 26940 --- [smart-legal-backend] [main] c.s.b.SmartLegalBackendApplication       : Started SmartLegalBackendApplication in 35.688 seconds (process running for 38.119)
2026-06-28T01:01:53.785+05:30  INFO 26940 --- [smart-legal-backend] [http-nio-8080-exec-2] o.a.c.c.C.[Tomcat].[localhost].[/]       : Initializing Spring DispatcherServlet 'dispatcherServlet'
2026-06-28T01:01:53.787+05:30  INFO 26940 --- [smart-legal-backend] [http-nio-8080-exec-2] o.s.web.servlet.DispatcherServlet        : Initializing Servlet 'dispatcherServlet'
2026-06-28T01:01:53.799+05:30  INFO 26940 --- [smart-legal-backend] [http-nio-8080-exec-2] o.s.web.servlet.DispatcherServlet        : Completed initialization in 9 ms
2026-06-28T01:01:54.786+05:30 DEBUG 26940 --- [smart-legal-backend] [http-nio-8080-exec-4] c.s.b.security.JwtAuthenticationFilter   : JWT authentication successful for user: ybm93274@gmail.com
2026-06-28T01:01:54.786+05:30 DEBUG 26940 --- [smart-legal-backend] [http-nio-8080-exec-2] c.s.b.security.JwtAuthenticationFilter   : JWT authentication successful for user: ybm93274@gmail.com
2026-06-28T01:01:54.786+05:30 DEBUG 26940 --- [smart-legal-backend] [http-nio-8080-exec-1] c.s.b.security.JwtAuthenticationFilter   : JWT authentication successful for user: ybm93274@gmail.com
2026-06-28T01:01:54.786+05:30 DEBUG 26940 --- [smart-legal-backend] [http-nio-8080-exec-3] c.s.b.security.JwtAuthenticationFilter   : JWT authentication successful for user: ybm93274@gmail.com
2026-06-28T01:01:54.900+05:30 ERROR 26940 --- [smart-legal-backend] [http-nio-8080-exec-3] c.s.b.exception.GlobalExceptionHandler   : RuntimeException: When allowCredentials is true, allowedOrigins cannot contain the special value "*" since that cannot be set on the "Access-Control-Allow-Origin" response header. To allow credentials to a set of origins, list them explicitly or consider using "allowedOriginPatterns" instead.
2026-06-28T01:01:54.901+05:30 ERROR 26940 --- [smart-legal-backend] [http-nio-8080-exec-4] c.s.b.exception.GlobalExceptionHandler   : RuntimeException: When allowCredentials is true, allowedOrigins cannot contain the special value "*" since that cannot be set on the "Access-Control-Allow-Origin" response header. To allow credentials to a set of origins, list them explicitly or consider using "allowedOriginPatterns" instead.
2026-06-28T01:01:54.901+05:30 ERROR 26940 --- [smart-legal-backend] [http-nio-8080-exec-2] c.s.b.exception.GlobalExceptionHandler   : RuntimeException: When allowCredentials is true, allowedOrigins cannot contain the special value "*" since that cannot be set on the "Access-Control-Allow-Origin" response header. To allow credentials to a set of origins, list them explicitly or consider using "allowedOriginPatterns" instead.
2026-06-28T01:01:55.912+05:30 DEBUG 26940 --- [smart-legal-backend] [http-nio-8080-exec-5] c.s.b.security.JwtAuthenticationFilter   : JWT authentication successful for user: ybm93274@gmail.com
2026-06-28T01:01:55.916+05:30 DEBUG 26940 --- [smart-legal-backend] [http-nio-8080-exec-8] c.s.b.security.JwtAuthenticationFilter   : JWT authentication successful for user: ybm93274@gmail.com
2026-06-28T01:01:55.923+05:30 ERROR 26940 --- [smart-legal-backend] [http-nio-8080-exec-5] c.s.b.exception.GlobalExceptionHandler   : RuntimeException: When allowCredentials is true, allowedOrigins cannot contain the special value "*" since that cannot be set on the "Access-Control-Allow-Origin" response header. To allow credentials to a set of origins, list them explicitly or consider using "allowedOriginPatterns" instead.
2026-06-28T01:01:55.928+05:30 DEBUG 26940 --- [smart-legal-backend] [http-nio-8080-exec-6] c.s.b.security.JwtAuthenticationFilter   : JWT authentication successful for user: ybm93274@gmail.com
2026-06-28T01:01:55.929+05:30 DEBUG 26940 --- [smart-legal-backend] [http-nio-8080-exec-7] c.s.b.security.JwtAuthenticationFilter   : JWT authentication successful for user: ybm93274@gmail.com
2026-06-28T01:01:55.949+05:30 ERROR 26940 --- [smart-legal-backend] [http-nio-8080-exec-7] c.s.b.exception.GlobalExceptionHandler   : RuntimeException: When allowCredentials is true, allowedOrigins cannot contain the special value "*" since that cannot be set on the "Access-Control-Allow-Origin" response header. To allow credentials to a set of origins, list them explicitly or consider using "allowedOriginPatterns" instead.
2026-06-28T01:01:55.949+05:30 ERROR 26940 --- [smart-legal-backend] [http-nio-8080-exec-6] c.s.b.exception.GlobalExceptionHandler   : RuntimeException: When allowCredentials is true, allowedOrigins cannot contain the special value "*" since that cannot be set on the "Access-Control-Allow-Origin" response header. To allow credentials to a set of origins, list them explicitly or consider using "allowedOriginPatterns" instead.
2026-06-28T01:02:06.399+05:30 DEBUG 26940 --- [smart-legal-backend] [http-nio-8080-exec-9] c.s.b.security.JwtAuthenticationFilter   : JWT authentication successful for user: ybm93274@gmail.com
2026-06-28T01:02:19.996+05:30 DEBUG 26940 --- [smart-legal-backend] [http-nio-8080-exec-10] c.s.b.security.JwtAuthenticationFilter   : JWT authentication successful for user: ybm93274@gmail.com
2026-06-28T01:02:23.787+05:30 DEBUG 26940 --- [smart-legal-backend] [http-nio-8080-exec-3] c.s.b.security.JwtAuthenticationFilter   : JWT authentication successful for user: ybm93274@gmail.com
2026-06-28T01:02:23.857+05:30 ERROR 26940 --- [smart-legal-backend] [http-nio-8080-exec-3] c.s.b.exception.GlobalExceptionHandler   : RuntimeException: Could not write JSON: could not initialize proxy [com.smartlegal.backend.entity.LegalDocument#19] - no Session
2026-06-28T01:02:45.896+05:30  INFO 26940 --- [smart-legal-backend] [MessageBroker-1] o.s.w.s.c.WebSocketMessageBrokerStats    : WebSocketSession[0 current WS(0)-HttpStream(0)-HttpPoll(0), 0 total, 0 closed abnormally (0 connect failure, 0 send limit, 0 transport error)], stompSubProtocol[processed CONNECT(0)-CONNECTED(0)-DISCONNECT(0)], stompBrokerRelay[null], inboundChannel[pool size = 0, active threads = 0, queued tasks = 0, completed tasks = 0], outboundChannel[pool size = 0, active threads = 0, queued tasks = 0, completed tasks = 0], sockJsScheduler[pool size = 1, active threads = 1, queued tasks = 0, completed tasks = 0]
2026-06-28T01:28:54.697+05:30  INFO 26940 --- [smart-legal-backend] [SpringApplicationShutdownHook] o.s.m.s.b.SimpleBrokerMessageHandler     : Stopping...
2026-06-28T01:28:54.723+05:30  INFO 26940 --- [smart-legal-backend] [SpringApplicationShutdownHook] o.s.m.s.b.SimpleBrokerMessageHandler     : BrokerAvailabilityEvent[available=false, SimpleBrokerMessageHandler [org.springframework.messaging.simp.broker.DefaultSubscriptionRegistry@2c9369c3]]
2026-06-28T01:28:54.724+05:30  INFO 26940 --- [smart-legal-backend] [SpringApplicationShutdownHook] o.s.m.s.b.SimpleBrokerMessageHandler     : Stopped.
2026-06-28T01:28:55.016+05:30  INFO 26940 --- [smart-legal-backend] [SpringApplicationShutdownHook] j.LocalContainerEntityManagerFactoryBean : Closing JPA EntityManagerFactory for persistence unit 'default'
2026-06-28T01:28:55.201+05:30  INFO 26940 --- [smart-legal-backend] [SpringApplicationShutdownHook] com.zaxxer.hikari.HikariDataSource       : HikariPool-1 - Shutdown initiated...
2026-06-28T01:28:55.546+05:30  INFO 26940 --- [smart-legal-backend] [SpringApplicationShutdownHook] com.zaxxer.hikari.HikariDataSource       : HikariPool-1 - Shutdown completed.
2026-06-28T01:29:33.184+05:30  INFO 12640 --- [smart-legal-backend] [main] c.s.b.SmartLegalBackendApplication       : Starting SmartLegalBackendApplication using Java 23.0.2 with PID 12640 (C:\Users\yashu\OneDrive\Desktop\Smart-Legal-Assistance-System\backend\target\classes started by yashu in C:\Users\yashu\OneDrive\Desktop\Smart-Legal-Assistance-System)
2026-06-28T01:29:33.194+05:30 DEBUG 12640 --- [smart-legal-backend] [main] c.s.b.SmartLegalBackendApplication       : Running with Spring Boot v3.2.4, Spring v6.1.5
2026-06-28T01:29:33.201+05:30  INFO 12640 --- [smart-legal-backend] [main] c.s.b.SmartLegalBackendApplication       : No active profile set, falling back to 1 default profile: "default"
2026-06-28T01:29:38.506+05:30  INFO 12640 --- [smart-legal-backend] [main] .s.d.r.c.RepositoryConfigurationDelegate : Bootstrapping Spring Data JPA repositories in DEFAULT mode.
2026-06-28T01:29:38.942+05:30  INFO 12640 --- [smart-legal-backend] [main] .s.d.r.c.RepositoryConfigurationDelegate : Finished Spring Data repository scanning in 394 ms. Found 15 JPA repository interfaces.
2026-06-28T01:29:43.184+05:30  INFO 12640 --- [smart-legal-backend] [main] o.s.b.w.embedded.tomcat.TomcatWebServer  : Tomcat initialized with port 8080 (http)
2026-06-28T01:29:43.246+05:30  INFO 12640 --- [smart-legal-backend] [main] o.apache.catalina.core.StandardService   : Starting service [Tomcat]
2026-06-28T01:29:43.248+05:30  INFO 12640 --- [smart-legal-backend] [main] o.apache.catalina.core.StandardEngine    : Starting Servlet engine: [Apache Tomcat/10.1.19]
2026-06-28T01:29:43.616+05:30  INFO 12640 --- [smart-legal-backend] [main] o.a.c.c.C.[Tomcat].[localhost].[/]       : Initializing Spring embedded WebApplicationContext
2026-06-28T01:29:43.617+05:30  INFO 12640 --- [smart-legal-backend] [main] w.s.c.ServletWebServerApplicationContext : Root WebApplicationContext: initialization completed in 10126 ms
2026-06-28T01:29:45.152+05:30  INFO 12640 --- [smart-legal-backend] [main] o.hibernate.jpa.internal.util.LogHelper  : HHH000204: Processing PersistenceUnitInfo [name: default]
2026-06-28T01:29:45.591+05:30  INFO 12640 --- [smart-legal-backend] [main] org.hibernate.Version                    : HHH000412: Hibernate ORM core version 6.4.4.Final
2026-06-28T01:29:45.742+05:30  INFO 12640 --- [smart-legal-backend] [main] o.h.c.internal.RegionFactoryInitiator    : HHH000026: Second-level cache disabled
2026-06-28T01:29:46.492+05:30  INFO 12640 --- [smart-legal-backend] [main] o.s.o.j.p.SpringPersistenceUnitInfo      : No LoadTimeWeaver setup: ignoring JPA class transformer
2026-06-28T01:29:46.561+05:30  INFO 12640 --- [smart-legal-backend] [main] com.zaxxer.hikari.HikariDataSource       : HikariPool-1 - Starting...
2026-06-28T01:29:47.100+05:30  INFO 12640 --- [smart-legal-backend] [main] com.zaxxer.hikari.pool.HikariPool        : HikariPool-1 - Added connection com.mysql.cj.jdbc.ConnectionImpl@58068b40
2026-06-28T01:29:47.104+05:30  INFO 12640 --- [smart-legal-backend] [main] com.zaxxer.hikari.HikariDataSource       : HikariPool-1 - Start completed.
2026-06-28T01:29:47.244+05:30  WARN 12640 --- [smart-legal-backend] [main] org.hibernate.orm.deprecation            : HHH90000025: MySQLDialect does not need to be specified explicitly using 'hibernate.dialect' (remove the property setting and it will be selected by default)
2026-06-28T01:29:50.567+05:30  INFO 12640 --- [smart-legal-backend] [main] o.h.e.t.j.p.i.JtaPlatformInitiator       : HHH000489: No JTA platform available (set 'hibernate.transaction.jta.platform' to enable JTA platform integration)
2026-06-28T01:29:51.445+05:30  INFO 12640 --- [smart-legal-backend] [main] j.LocalContainerEntityManagerFactoryBean : Initialized JPA EntityManagerFactory for persistence unit 'default'
2026-06-28T01:29:52.640+05:30 DEBUG 12640 --- [smart-legal-backend] [main] c.s.b.security.JwtAuthenticationFilter   : Filter 'jwtAuthenticationFilter' configured for use
2026-06-28T01:29:53.104+05:30  INFO 12640 --- [smart-legal-backend] [main] o.s.d.j.r.query.QueryEnhancerFactory     : Hibernate is in classpath; If applicable, HQL parser will be used.
2026-06-28T01:29:56.531+05:30  WARN 12640 --- [smart-legal-backend] [main] c.s.backend.service.PaymentService       : Razorpay API keys not configured. Running in MOCK payment mode.
2026-06-28T01:29:58.785+05:30  INFO 12640 --- [smart-legal-backend] [main] o.s.b.a.e.web.EndpointLinksResolver      : Exposing 3 endpoint(s) beneath base path '/actuator'
2026-06-28T01:29:59.601+05:30  WARN 12640 --- [smart-legal-backend] [main] ion$DefaultTemplateResolverConfiguration : Cannot find template location: classpath:/templates/ (please add some templates, check your Thymeleaf configuration, or set spring.thymeleaf.check-template-location=false)
2026-06-28T01:30:01.380+05:30  INFO 12640 --- [smart-legal-backend] [main] o.s.b.w.embedded.tomcat.TomcatWebServer  : Tomcat started on port 8080 (http) with context path ''
2026-06-28T01:30:01.385+05:30  INFO 12640 --- [smart-legal-backend] [main] o.s.m.s.b.SimpleBrokerMessageHandler     : Starting...
2026-06-28T01:30:01.388+05:30  INFO 12640 --- [smart-legal-backend] [main] o.s.m.s.b.SimpleBrokerMessageHandler     : BrokerAvailabilityEvent[available=true, SimpleBrokerMessageHandler [org.springframework.messaging.simp.broker.DefaultSubscriptionRegistry@4eb1407f]]
2026-06-28T01:30:01.389+05:30  INFO 12640 --- [smart-legal-backend] [main] o.s.m.s.b.SimpleBrokerMessageHandler     : Started.
2026-06-28T01:30:01.442+05:30  INFO 12640 --- [smart-legal-backend] [main] c.s.b.SmartLegalBackendApplication       : Started SmartLegalBackendApplication in 30.81 seconds (process running for 33.36)
2026-06-28T01:31:01.232+05:30  INFO 12640 --- [smart-legal-backend] [MessageBroker-1] o.s.w.s.c.WebSocketMessageBrokerStats    : WebSocketSession[0 current WS(0)-HttpStream(0)-HttpPoll(0), 0 total, 0 closed abnormally (0 connect failure, 0 send limit, 0 transport error)], stompSubProtocol[processed CONNECT(0)-CONNECTED(0)-DISCONNECT(0)], stompBrokerRelay[null], inboundChannel[pool size = 0, active threads = 0, queued tasks = 0, completed tasks = 0], outboundChannel[pool size = 0, active threads = 0, queued tasks = 0, completed tasks = 0], sockJsScheduler[pool size = 1, active threads = 1, queued tasks = 0, completed tasks = 0]
2026-06-28T01:32:38.660+05:30  INFO 12640 --- [smart-legal-backend] [http-nio-8080-exec-5] o.a.c.c.C.[Tomcat].[localhost].[/]       : Initializing Spring DispatcherServlet 'dispatcherServlet'
2026-06-28T01:32:38.691+05:30  INFO 12640 --- [smart-legal-backend] [http-nio-8080-exec-5] o.s.web.servlet.DispatcherServlet        : Initializing Servlet 'dispatcherServlet'
2026-06-28T01:32:38.881+05:30  INFO 12640 --- [smart-legal-backend] [http-nio-8080-exec-5] o.s.web.servlet.DispatcherServlet        : Completed initialization in 188 ms
2026-06-28T01:32:40.863+05:30 DEBUG 12640 --- [smart-legal-backend] [http-nio-8080-exec-10] c.s.b.security.JwtAuthenticationFilter   : JWT authentication successful for user: ybm93274@gmail.com
2026-06-28T01:32:40.863+05:30 DEBUG 12640 --- [smart-legal-backend] [http-nio-8080-exec-9] c.s.b.security.JwtAuthenticationFilter   : JWT authentication successful for user: ybm93274@gmail.com
2026-06-28T01:32:40.863+05:30 DEBUG 12640 --- [smart-legal-backend] [http-nio-8080-exec-5] c.s.b.security.JwtAuthenticationFilter   : JWT authentication successful for user: ybm93274@gmail.com
2026-06-28T01:32:40.863+05:30 DEBUG 12640 --- [smart-legal-backend] [http-nio-8080-exec-8] c.s.b.security.JwtAuthenticationFilter   : JWT authentication successful for user: ybm93274@gmail.com
2026-06-28T01:32:41.019+05:30 ERROR 12640 --- [smart-legal-backend] [http-nio-8080-exec-8] c.s.b.exception.GlobalExceptionHandler   : RuntimeException: When allowCredentials is true, allowedOrigins cannot contain the special value "*" since that cannot be set on the "Access-Control-Allow-Origin" response header. To allow credentials to a set of origins, list them explicitly or consider using "allowedOriginPatterns" instead.
2026-06-28T01:32:41.021+05:30 ERROR 12640 --- [smart-legal-backend] [http-nio-8080-exec-9] c.s.b.exception.GlobalExceptionHandler   : RuntimeException: When allowCredentials is true, allowedOrigins cannot contain the special value "*" since that cannot be set on the "Access-Control-Allow-Origin" response header. To allow credentials to a set of origins, list them explicitly or consider using "allowedOriginPatterns" instead.
2026-06-28T01:32:41.021+05:30 ERROR 12640 --- [smart-legal-backend] [http-nio-8080-exec-10] c.s.b.exception.GlobalExceptionHandler   : RuntimeException: When allowCredentials is true, allowedOrigins cannot contain the special value "*" since that cannot be set on the "Access-Control-Allow-Origin" response header. To allow credentials to a set of origins, list them explicitly or consider using "allowedOriginPatterns" instead.
2026-06-28T01:32:41.427+05:30 DEBUG 12640 --- [smart-legal-backend] [http-nio-8080-exec-3] c.s.b.security.JwtAuthenticationFilter   : JWT authentication successful for user: ybm93274@gmail.com
2026-06-28T01:32:41.431+05:30 DEBUG 12640 --- [smart-legal-backend] [http-nio-8080-exec-4] c.s.b.security.JwtAuthenticationFilter   : JWT authentication successful for user: ybm93274@gmail.com
2026-06-28T01:32:41.446+05:30 ERROR 12640 --- [smart-legal-backend] [http-nio-8080-exec-3] c.s.b.exception.GlobalExceptionHandler   : RuntimeException: When allowCredentials is true, allowedOrigins cannot contain the special value "*" since that cannot be set on the "Access-Control-Allow-Origin" response header. To allow credentials to a set of origins, list them explicitly or consider using "allowedOriginPatterns" instead.
2026-06-28T01:32:41.449+05:30 ERROR 12640 --- [smart-legal-backend] [http-nio-8080-exec-4] c.s.b.exception.GlobalExceptionHandler   : RuntimeException: When allowCredentials is true, allowedOrigins cannot contain the special value "*" since that cannot be set on the "Access-Control-Allow-Origin" response header. To allow credentials to a set of origins, list them explicitly or consider using "allowedOriginPatterns" instead.
2026-06-28T01:32:41.454+05:30 DEBUG 12640 --- [smart-legal-backend] [http-nio-8080-exec-2] c.s.b.security.JwtAuthenticationFilter   : JWT authentication successful for user: ybm93274@gmail.com
2026-06-28T01:32:41.456+05:30 DEBUG 12640 --- [smart-legal-backend] [http-nio-8080-exec-1] c.s.b.security.JwtAuthenticationFilter   : JWT authentication successful for user: ybm93274@gmail.com
2026-06-28T01:32:41.469+05:30 ERROR 12640 --- [smart-legal-backend] [http-nio-8080-exec-1] c.s.b.exception.GlobalExceptionHandler   : RuntimeException: When allowCredentials is true, allowedOrigins cannot contain the special value "*" since that cannot be set on the "Access-Control-Allow-Origin" response header. To allow credentials to a set of origins, list them explicitly or consider using "allowedOriginPatterns" instead.
2026-06-28T01:34:59.288+05:30  WARN 12640 --- [smart-legal-backend] [http-nio-8080-exec-10] c.s.backend.security.WebSecurityConfig   : Unauthorized request to /api/documents/: Full authentication is required to access this resource
2026-06-28T01:34:59.288+05:30  WARN 12640 --- [smart-legal-backend] [http-nio-8080-exec-9] c.s.backend.security.WebSecurityConfig   : Unauthorized request to /api/payments/my: Full authentication is required to access this resource
2026-06-28T01:34:59.288+05:30  WARN 12640 --- [smart-legal-backend] [http-nio-8080-exec-8] c.s.backend.security.WebSecurityConfig   : Unauthorized request to /api/appointments/my: Full authentication is required to access this resource
2026-06-28T01:34:59.288+05:30  WARN 12640 --- [smart-legal-backend] [http-nio-8080-exec-5] c.s.backend.security.WebSecurityConfig   : Unauthorized request to /api/users/profile: Full authentication is required to access this resource
2026-06-28T01:34:59.850+05:30  WARN 12640 --- [smart-legal-backend] [http-nio-8080-exec-4] c.s.backend.security.WebSecurityConfig   : Unauthorized request to /api/users/profile: Full authentication is required to access this resource
2026-06-28T01:34:59.850+05:30  WARN 12640 --- [smart-legal-backend] [http-nio-8080-exec-2] c.s.backend.security.WebSecurityConfig   : Unauthorized request to /api/appointments/my: Full authentication is required to access this resource
2026-06-28T01:34:59.850+05:30  WARN 12640 --- [smart-legal-backend] [http-nio-8080-exec-1] c.s.backend.security.WebSecurityConfig   : Unauthorized request to /api/documents/: Full authentication is required to access this resource
2026-06-28T01:34:59.854+05:30  WARN 12640 --- [smart-legal-backend] [http-nio-8080-exec-3] c.s.backend.security.WebSecurityConfig   : Unauthorized request to /api/payments/my: Full authentication is required to access this resource
2026-06-28T01:35:06.207+05:30  WARN 12640 --- [smart-legal-backend] [http-nio-8080-exec-6] c.s.backend.security.WebSecurityConfig   : Unauthorized request to /api/users/profile: Full authentication is required to access this resource
2026-06-28T01:35:06.230+05:30  WARN 12640 --- [smart-legal-backend] [http-nio-8080-exec-7] c.s.backend.security.WebSecurityConfig   : Unauthorized request to /api/users/profile: Full authentication is required to access this resource
2026-06-28T01:35:10.274+05:30  WARN 12640 --- [smart-legal-backend] [http-nio-8080-exec-9] c.s.backend.security.WebSecurityConfig   : Unauthorized request to /api/documents/: Full authentication is required to access this resource
2026-06-28T01:35:10.274+05:30  WARN 12640 --- [smart-legal-backend] [http-nio-8080-exec-5] c.s.backend.security.WebSecurityConfig   : Unauthorized request to /api/appointments/my: Full authentication is required to access this resource
2026-06-28T01:35:10.274+05:30  WARN 12640 --- [smart-legal-backend] [http-nio-8080-exec-10] c.s.backend.security.WebSecurityConfig   : Unauthorized request to /api/users/profile: Full authentication is required to access this resource
2026-06-28T01:35:10.277+05:30  WARN 12640 --- [smart-legal-backend] [http-nio-8080-exec-8] c.s.backend.security.WebSecurityConfig   : Unauthorized request to /api/payments/my: Full authentication is required to access this resource
2026-06-28T01:35:10.292+05:30  WARN 12640 --- [smart-legal-backend] [http-nio-8080-exec-4] c.s.backend.security.WebSecurityConfig   : Unauthorized request to /api/documents/: Full authentication is required to access this resource
2026-06-28T01:35:10.292+05:30  WARN 12640 --- [smart-legal-backend] [http-nio-8080-exec-3] c.s.backend.security.WebSecurityConfig   : Unauthorized request to /api/users/profile: Full authentication is required to access this resource
2026-06-28T01:35:10.293+05:30  WARN 12640 --- [smart-legal-backend] [http-nio-8080-exec-2] c.s.backend.security.WebSecurityConfig   : Unauthorized request to /api/appointments/my: Full authentication is required to access this resource
2026-06-28T01:35:10.293+05:30  WARN 12640 --- [smart-legal-backend] [http-nio-8080-exec-1] c.s.backend.security.WebSecurityConfig   : Unauthorized request to /api/payments/my: Full authentication is required to access this resource
2026-06-28T01:36:30.277+05:30  INFO 12640 --- [smart-legal-backend] [SpringApplicationShutdownHook] o.s.m.s.b.SimpleBrokerMessageHandler     : Stopping...
2026-06-28T01:36:30.279+05:30  INFO 12640 --- [smart-legal-backend] [SpringApplicationShutdownHook] o.s.m.s.b.SimpleBrokerMessageHandler     : BrokerAvailabilityEvent[available=false, SimpleBrokerMessageHandler [org.springframework.messaging.simp.broker.DefaultSubscriptionRegistry@4eb1407f]]
2026-06-28T01:36:30.280+05:30  INFO 12640 --- [smart-legal-backend] [SpringApplicationShutdownHook] o.s.m.s.b.SimpleBrokerMessageHandler     : Stopped.
2026-06-28T01:36:30.382+05:30  INFO 12640 --- [smart-legal-backend] [SpringApplicationShutdownHook] j.LocalContainerEntityManagerFactoryBean : Closing JPA EntityManagerFactory for persistence unit 'default'
2026-06-28T01:36:30.441+05:30  INFO 12640 --- [smart-legal-backend] [SpringApplicationShutdownHook] com.zaxxer.hikari.HikariDataSource       : HikariPool-1 - Shutdown initiated...
2026-06-28T01:36:30.609+05:30  INFO 12640 --- [smart-legal-backend] [SpringApplicationShutdownHook] com.zaxxer.hikari.HikariDataSource       : HikariPool-1 - Shutdown completed.
2026-06-28T02:10:02.666+05:30  INFO 17888 --- [smart-legal-backend] [main] c.s.b.SmartLegalBackendApplication       : Starting SmartLegalBackendApplication using Java 23.0.2 with PID 17888 (C:\Users\yashu\OneDrive\Desktop\Smart-Legal-Assistance-System\backend\target\classes started by yashu in C:\Users\yashu\OneDrive\Desktop\Smart-Legal-Assistance-System)
2026-06-28T02:10:02.676+05:30 DEBUG 17888 --- [smart-legal-backend] [main] c.s.b.SmartLegalBackendApplication       : Running with Spring Boot v3.2.4, Spring v6.1.5
2026-06-28T02:10:02.680+05:30  INFO 17888 --- [smart-legal-backend] [main] c.s.b.SmartLegalBackendApplication       : No active profile set, falling back to 1 default profile: "default"
2026-06-28T02:10:10.739+05:30  INFO 17888 --- [smart-legal-backend] [main] .s.d.r.c.RepositoryConfigurationDelegate : Bootstrapping Spring Data JPA repositories in DEFAULT mode.
2026-06-28T02:10:11.763+05:30  INFO 17888 --- [smart-legal-backend] [main] .s.d.r.c.RepositoryConfigurationDelegate : Finished Spring Data repository scanning in 965 ms. Found 15 JPA repository interfaces.
2026-06-28T02:10:17.262+05:30  INFO 16352 --- [smart-legal-backend] [main] c.s.b.SmartLegalBackendApplication       : Starting SmartLegalBackendApplication using Java 23.0.2 with PID 16352 (C:\Users\yashu\OneDrive\Desktop\Smart-Legal-Assistance-System\backend\target\classes started by yashu in C:\Users\yashu\OneDrive\Desktop\Smart-Legal-Assistance-System)
2026-06-28T02:10:17.273+05:30 DEBUG 16352 --- [smart-legal-backend] [main] c.s.b.SmartLegalBackendApplication       : Running with Spring Boot v3.2.4, Spring v6.1.5
2026-06-28T02:10:17.276+05:30  INFO 16352 --- [smart-legal-backend] [main] c.s.b.SmartLegalBackendApplication       : No active profile set, falling back to 1 default profile: "default"
2026-06-28T02:10:17.534+05:30  INFO 17888 --- [smart-legal-backend] [main] o.s.b.w.embedded.tomcat.TomcatWebServer  : Tomcat initialized with port 8080 (http)
2026-06-28T02:10:17.610+05:30  INFO 17888 --- [smart-legal-backend] [main] o.apache.catalina.core.StandardService   : Starting service [Tomcat]
2026-06-28T02:10:17.612+05:30  INFO 17888 --- [smart-legal-backend] [main] o.apache.catalina.core.StandardEngine    : Starting Servlet engine: [Apache Tomcat/10.1.19]
2026-06-28T02:10:18.167+05:30  INFO 17888 --- [smart-legal-backend] [main] o.a.c.c.C.[Tomcat].[localhost].[/]       : Initializing Spring embedded WebApplicationContext
2026-06-28T02:10:18.169+05:30  INFO 17888 --- [smart-legal-backend] [main] w.s.c.ServletWebServerApplicationContext : Root WebApplicationContext: initialization completed in 15110 ms
2026-06-28T02:10:20.286+05:30  INFO 17888 --- [smart-legal-backend] [main] o.hibernate.jpa.internal.util.LogHelper  : HHH000204: Processing PersistenceUnitInfo [name: default]
2026-06-28T02:10:20.728+05:30  INFO 17888 --- [smart-legal-backend] [main] org.hibernate.Version                    : HHH000412: Hibernate ORM core version 6.4.4.Final
2026-06-28T02:10:20.963+05:30  INFO 17888 --- [smart-legal-backend] [main] o.h.c.internal.RegionFactoryInitiator    : HHH000026: Second-level cache disabled
2026-06-28T02:10:22.423+05:30  INFO 17888 --- [smart-legal-backend] [main] o.s.o.j.p.SpringPersistenceUnitInfo      : No LoadTimeWeaver setup: ignoring JPA class transformer
2026-06-28T02:10:22.589+05:30  INFO 17888 --- [smart-legal-backend] [main] com.zaxxer.hikari.HikariDataSource       : HikariPool-1 - Starting...
2026-06-28T02:10:23.813+05:30  INFO 17888 --- [smart-legal-backend] [main] com.zaxxer.hikari.pool.HikariPool        : HikariPool-1 - Added connection com.mysql.cj.jdbc.ConnectionImpl@74a1d60e
2026-06-28T02:10:23.840+05:30  INFO 17888 --- [smart-legal-backend] [main] com.zaxxer.hikari.HikariDataSource       : HikariPool-1 - Start completed.
2026-06-28T02:10:24.204+05:30  WARN 17888 --- [smart-legal-backend] [main] org.hibernate.orm.deprecation            : HHH90000025: MySQLDialect does not need to be specified explicitly using 'hibernate.dialect' (remove the property setting and it will be selected by default)
2026-06-28T02:10:24.385+05:30  INFO 16352 --- [smart-legal-backend] [main] .s.d.r.c.RepositoryConfigurationDelegate : Bootstrapping Spring Data JPA repositories in DEFAULT mode.
2026-06-28T02:10:24.963+05:30  INFO 16352 --- [smart-legal-backend] [main] .s.d.r.c.RepositoryConfigurationDelegate : Finished Spring Data repository scanning in 533 ms. Found 15 JPA repository interfaces.
2026-06-28T02:10:30.005+05:30  INFO 16352 --- [smart-legal-backend] [main] o.s.b.w.embedded.tomcat.TomcatWebServer  : Tomcat initialized with port 8080 (http)
2026-06-28T02:10:30.095+05:30  INFO 16352 --- [smart-legal-backend] [main] o.apache.catalina.core.StandardService   : Starting service [Tomcat]
2026-06-28T02:10:30.098+05:30  INFO 16352 --- [smart-legal-backend] [main] o.apache.catalina.core.StandardEngine    : Starting Servlet engine: [Apache Tomcat/10.1.19]
2026-06-28T02:10:30.773+05:30  INFO 16352 --- [smart-legal-backend] [main] o.a.c.c.C.[Tomcat].[localhost].[/]       : Initializing Spring embedded WebApplicationContext
2026-06-28T02:10:30.775+05:30  INFO 16352 --- [smart-legal-backend] [main] w.s.c.ServletWebServerApplicationContext : Root WebApplicationContext: initialization completed in 13196 ms
2026-06-28T02:10:31.711+05:30  INFO 17888 --- [smart-legal-backend] [main] o.h.e.t.j.p.i.JtaPlatformInitiator       : HHH000489: No JTA platform available (set 'hibernate.transaction.jta.platform' to enable JTA platform integration)
2026-06-28T02:10:32.569+05:30  INFO 16352 --- [smart-legal-backend] [main] o.hibernate.jpa.internal.util.LogHelper  : HHH000204: Processing PersistenceUnitInfo [name: default]
2026-06-28T02:10:32.905+05:30  INFO 16352 --- [smart-legal-backend] [main] org.hibernate.Version                    : HHH000412: Hibernate ORM core version 6.4.4.Final
2026-06-28T02:10:33.184+05:30  INFO 16352 --- [smart-legal-backend] [main] o.h.c.internal.RegionFactoryInitiator    : HHH000026: Second-level cache disabled
2026-06-28T02:10:33.757+05:30  INFO 17888 --- [smart-legal-backend] [main] j.LocalContainerEntityManagerFactoryBean : Initialized JPA EntityManagerFactory for persistence unit 'default'
2026-06-28T02:10:34.618+05:30  INFO 16352 --- [smart-legal-backend] [main] o.s.o.j.p.SpringPersistenceUnitInfo      : No LoadTimeWeaver setup: ignoring JPA class transformer
2026-06-28T02:10:34.792+05:30  INFO 16352 --- [smart-legal-backend] [main] com.zaxxer.hikari.HikariDataSource       : HikariPool-1 - Starting...
2026-06-28T02:10:35.920+05:30  INFO 16352 --- [smart-legal-backend] [main] com.zaxxer.hikari.pool.HikariPool        : HikariPool-1 - Added connection com.mysql.cj.jdbc.ConnectionImpl@729a9c3d
2026-06-28T02:10:35.937+05:30  INFO 16352 --- [smart-legal-backend] [main] com.zaxxer.hikari.HikariDataSource       : HikariPool-1 - Start completed.
2026-06-28T02:10:36.259+05:30 DEBUG 17888 --- [smart-legal-backend] [main] c.s.b.security.JwtAuthenticationFilter   : Filter 'jwtAuthenticationFilter' configured for use
2026-06-28T02:10:36.307+05:30  WARN 16352 --- [smart-legal-backend] [main] org.hibernate.orm.deprecation            : HHH90000025: MySQLDialect does not need to be specified explicitly using 'hibernate.dialect' (remove the property setting and it will be selected by default)
2026-06-28T02:10:36.992+05:30  INFO 17888 --- [smart-legal-backend] [main] o.s.d.j.r.query.QueryEnhancerFactory     : Hibernate is in classpath; If applicable, HQL parser will be used.
2026-06-28T02:10:42.172+05:30  WARN 17888 --- [smart-legal-backend] [main] c.s.backend.service.PaymentService       : Razorpay API keys not configured. Running in MOCK payment mode.
2026-06-28T02:10:45.162+05:30  INFO 16352 --- [smart-legal-backend] [main] o.h.e.t.j.p.i.JtaPlatformInitiator       : HHH000489: No JTA platform available (set 'hibernate.transaction.jta.platform' to enable JTA platform integration)
2026-06-28T02:10:46.202+05:30  INFO 17888 --- [smart-legal-backend] [main] o.s.b.a.e.web.EndpointLinksResolver      : Exposing 3 endpoint(s) beneath base path '/actuator'
2026-06-28T02:10:46.689+05:30  INFO 16352 --- [smart-legal-backend] [main] j.LocalContainerEntityManagerFactoryBean : Initialized JPA EntityManagerFactory for persistence unit 'default'
2026-06-28T02:10:47.778+05:30  WARN 17888 --- [smart-legal-backend] [main] ion$DefaultTemplateResolverConfiguration : Cannot find template location: classpath:/templates/ (please add some templates, check your Thymeleaf configuration, or set spring.thymeleaf.check-template-location=false)
2026-06-28T02:10:52.387+05:30 DEBUG 16352 --- [smart-legal-backend] [main] c.s.b.security.JwtAuthenticationFilter   : Filter 'jwtAuthenticationFilter' configured for use
2026-06-28T02:10:52.844+05:30  INFO 17888 --- [smart-legal-backend] [main] o.s.b.w.embedded.tomcat.TomcatWebServer  : Tomcat started on port 8080 (http) with context path ''
2026-06-28T02:10:52.855+05:30  INFO 17888 --- [smart-legal-backend] [main] o.s.m.s.b.SimpleBrokerMessageHandler     : Starting...
2026-06-28T02:10:52.858+05:30  INFO 17888 --- [smart-legal-backend] [main] o.s.m.s.b.SimpleBrokerMessageHandler     : BrokerAvailabilityEvent[available=true, SimpleBrokerMessageHandler [org.springframework.messaging.simp.broker.DefaultSubscriptionRegistry@2d2690f6]]
2026-06-28T02:10:52.860+05:30  INFO 17888 --- [smart-legal-backend] [main] o.s.m.s.b.SimpleBrokerMessageHandler     : Started.
2026-06-28T02:10:52.931+05:30  INFO 17888 --- [smart-legal-backend] [main] c.s.b.SmartLegalBackendApplication       : Started SmartLegalBackendApplication in 53.254 seconds (process running for 56.068)
2026-06-28T02:10:53.227+05:30  INFO 16352 --- [smart-legal-backend] [main] o.s.d.j.r.query.QueryEnhancerFactory     : Hibernate is in classpath; If applicable, HQL parser will be used.
2026-06-28T02:10:59.906+05:30  WARN 16352 --- [smart-legal-backend] [main] c.s.backend.service.PaymentService       : Razorpay API keys not configured. Running in MOCK payment mode.
2026-06-28T02:11:06.096+05:30  INFO 16352 --- [smart-legal-backend] [main] o.s.b.a.e.web.EndpointLinksResolver      : Exposing 3 endpoint(s) beneath base path '/actuator'
2026-06-28T02:11:07.683+05:30  WARN 16352 --- [smart-legal-backend] [main] ion$DefaultTemplateResolverConfiguration : Cannot find template location: classpath:/templates/ (please add some templates, check your Thymeleaf configuration, or set spring.thymeleaf.check-template-location=false)
2026-06-28T02:11:09.840+05:30  WARN 16352 --- [smart-legal-backend] [main] ConfigServletWebServerApplicationContext : Exception encountered during context initialization - cancelling refresh attempt: org.springframework.context.ApplicationContextException: Failed to start bean 'webServerStartStop'
2026-06-28T02:11:09.880+05:30  INFO 16352 --- [smart-legal-backend] [main] j.LocalContainerEntityManagerFactoryBean : Closing JPA EntityManagerFactory for persistence unit 'default'
2026-06-28T02:11:09.893+05:30  INFO 16352 --- [smart-legal-backend] [main] com.zaxxer.hikari.HikariDataSource       : HikariPool-1 - Shutdown initiated...
2026-06-28T02:11:09.934+05:30  INFO 16352 --- [smart-legal-backend] [main] com.zaxxer.hikari.HikariDataSource       : HikariPool-1 - Shutdown completed.
2026-06-28T02:11:10.034+05:30  INFO 16352 --- [smart-legal-backend] [main] .s.b.a.l.ConditionEvaluationReportLogger : 

Error starting ApplicationContext. To display the condition evaluation report re-run your application with 'debug' enabled.
2026-06-28T02:11:10.145+05:30 ERROR 16352 --- [smart-legal-backend] [main] o.s.b.d.LoggingFailureAnalysisReporter   : 

***************************
APPLICATION FAILED TO START
***************************

Description:

Web server failed to start. Port 8080 was already in use.

Action:

Identify and stop the process that's listening on port 8080 or configure this application to listen on another port.

2026-06-28T02:11:52.572+05:30  INFO 17888 --- [smart-legal-backend] [MessageBroker-1] o.s.w.s.c.WebSocketMessageBrokerStats    : WebSocketSession[0 current WS(0)-HttpStream(0)-HttpPoll(0), 0 total, 0 closed abnormally (0 connect failure, 0 send limit, 0 transport error)], stompSubProtocol[processed CONNECT(0)-CONNECTED(0)-DISCONNECT(0)], stompBrokerRelay[null], inboundChannel[pool size = 0, active threads = 0, queued tasks = 0, completed tasks = 0], outboundChannel[pool size = 0, active threads = 0, queued tasks = 0, completed tasks = 0], sockJsScheduler[pool size = 1, active threads = 1, queued tasks = 0, completed tasks = 0]
2026-06-28T02:13:21.750+05:30  INFO 17888 --- [smart-legal-backend] [http-nio-8080-exec-6] o.a.c.c.C.[Tomcat].[localhost].[/]       : Initializing Spring DispatcherServlet 'dispatcherServlet'
2026-06-28T02:13:21.770+05:30  INFO 17888 --- [smart-legal-backend] [http-nio-8080-exec-6] o.s.web.servlet.DispatcherServlet        : Initializing Servlet 'dispatcherServlet'
2026-06-28T02:13:22.085+05:30  INFO 17888 --- [smart-legal-backend] [http-nio-8080-exec-6] o.s.web.servlet.DispatcherServlet        : Completed initialization in 313 ms
2026-06-28T02:13:24.633+05:30 DEBUG 17888 --- [smart-legal-backend] [http-nio-8080-exec-3] c.s.b.security.JwtAuthenticationFilter   : JWT authentication successful for user: ybm93274@gmail.com
2026-06-28T02:13:24.633+05:30 DEBUG 17888 --- [smart-legal-backend] [http-nio-8080-exec-9] c.s.b.security.JwtAuthenticationFilter   : JWT authentication successful for user: ybm93274@gmail.com
2026-06-28T02:13:24.633+05:30 DEBUG 17888 --- [smart-legal-backend] [http-nio-8080-exec-4] c.s.b.security.JwtAuthenticationFilter   : JWT authentication successful for user: ybm93274@gmail.com
2026-06-28T02:13:24.633+05:30 DEBUG 17888 --- [smart-legal-backend] [http-nio-8080-exec-10] c.s.b.security.JwtAuthenticationFilter   : JWT authentication successful for user: ybm93274@gmail.com
2026-06-28T02:13:24.847+05:30 ERROR 17888 --- [smart-legal-backend] [http-nio-8080-exec-3] c.s.b.exception.GlobalExceptionHandler   : RuntimeException: When allowCredentials is true, allowedOrigins cannot contain the special value "*" since that cannot be set on the "Access-Control-Allow-Origin" response header. To allow credentials to a set of origins, list them explicitly or consider using "allowedOriginPatterns" instead.
2026-06-28T02:13:24.848+05:30 ERROR 17888 --- [smart-legal-backend] [http-nio-8080-exec-4] c.s.b.exception.GlobalExceptionHandler   : RuntimeException: When allowCredentials is true, allowedOrigins cannot contain the special value "*" since that cannot be set on the "Access-Control-Allow-Origin" response header. To allow credentials to a set of origins, list them explicitly or consider using "allowedOriginPatterns" instead.
2026-06-28T02:13:24.849+05:30 ERROR 17888 --- [smart-legal-backend] [http-nio-8080-exec-10] c.s.b.exception.GlobalExceptionHandler   : RuntimeException: When allowCredentials is true, allowedOrigins cannot contain the special value "*" since that cannot be set on the "Access-Control-Allow-Origin" response header. To allow credentials to a set of origins, list them explicitly or consider using "allowedOriginPatterns" instead.
2026-06-28T02:13:25.454+05:30 DEBUG 17888 --- [smart-legal-backend] [http-nio-8080-exec-6] c.s.b.security.JwtAuthenticationFilter   : JWT authentication successful for user: ybm93274@gmail.com
2026-06-28T02:13:25.455+05:30 DEBUG 17888 --- [smart-legal-backend] [http-nio-8080-exec-5] c.s.b.security.JwtAuthenticationFilter   : JWT authentication successful for user: ybm93274@gmail.com
2026-06-28T02:13:25.465+05:30 ERROR 17888 --- [smart-legal-backend] [http-nio-8080-exec-5] c.s.b.exception.GlobalExceptionHandler   : RuntimeException: When allowCredentials is true, allowedOrigins cannot contain the special value "*" since that cannot be set on the "Access-Control-Allow-Origin" response header. To allow credentials to a set of origins, list them explicitly or consider using "allowedOriginPatterns" instead.
2026-06-28T02:13:25.466+05:30 DEBUG 17888 --- [smart-legal-backend] [http-nio-8080-exec-2] c.s.b.security.JwtAuthenticationFilter   : JWT authentication successful for user: ybm93274@gmail.com
2026-06-28T02:13:25.467+05:30 ERROR 17888 --- [smart-legal-backend] [http-nio-8080-exec-6] c.s.b.exception.GlobalExceptionHandler   : RuntimeException: When allowCredentials is true, allowedOrigins cannot contain the special value "*" since that cannot be set on the "Access-Control-Allow-Origin" response header. To allow credentials to a set of origins, list them explicitly or consider using "allowedOriginPatterns" instead.
2026-06-28T02:13:25.473+05:30 DEBUG 17888 --- [smart-legal-backend] [http-nio-8080-exec-1] c.s.b.security.JwtAuthenticationFilter   : JWT authentication successful for user: ybm93274@gmail.com
2026-06-28T02:13:25.477+05:30 ERROR 17888 --- [smart-legal-backend] [http-nio-8080-exec-2] c.s.b.exception.GlobalExceptionHandler   : RuntimeException: When allowCredentials is true, allowedOrigins cannot contain the special value "*" since that cannot be set on the "Access-Control-Allow-Origin" response header. To allow credentials to a set of origins, list them explicitly or consider using "allowedOriginPatterns" instead.
2026-06-28T02:13:30.054+05:30 DEBUG 17888 --- [smart-legal-backend] [http-nio-8080-exec-8] c.s.b.security.JwtAuthenticationFilter   : JWT authentication successful for user: ybm93274@gmail.com
2026-06-28T02:13:30.122+05:30  INFO 17888 --- [smart-legal-backend] [http-nio-8080-exec-8] c.s.b.controller.DocumentController      : Report requested for document id=19
2026-06-28T02:13:30.124+05:30  INFO 17888 --- [smart-legal-backend] [http-nio-8080-exec-8] c.s.backend.service.DocumentService      : Fetching risk report for document id=19
2026-06-28T02:13:30.355+05:30  INFO 17888 --- [smart-legal-backend] [http-nio-8080-exec-8] c.s.b.controller.DocumentController      : Report found: id=2, clauses=4
2026-06-28T02:13:41.889+05:30 DEBUG 17888 --- [smart-legal-backend] [http-nio-8080-exec-4] c.s.b.security.JwtAuthenticationFilter   : JWT authentication successful for user: ybm93274@gmail.com
2026-06-28T02:13:41.905+05:30  INFO 17888 --- [smart-legal-backend] [http-nio-8080-exec-4] c.s.b.controller.DocumentController      : Report requested for document id=19
2026-06-28T02:13:41.907+05:30  INFO 17888 --- [smart-legal-backend] [http-nio-8080-exec-4] c.s.backend.service.DocumentService      : Fetching risk report for document id=19
2026-06-28T02:13:41.974+05:30  INFO 17888 --- [smart-legal-backend] [http-nio-8080-exec-4] c.s.b.controller.DocumentController      : Report found: id=2, clauses=4
2026-06-28T02:13:51.526+05:30 DEBUG 17888 --- [smart-legal-backend] [http-nio-8080-exec-3] c.s.b.security.JwtAuthenticationFilter   : JWT authentication successful for user: ybm93274@gmail.com
2026-06-28T02:13:51.530+05:30 ERROR 17888 --- [smart-legal-backend] [http-nio-8080-exec-3] c.s.b.exception.GlobalExceptionHandler   : RuntimeException: When allowCredentials is true, allowedOrigins cannot contain the special value "*" since that cannot be set on the "Access-Control-Allow-Origin" response header. To allow credentials to a set of origins, list them explicitly or consider using "allowedOriginPatterns" instead.
2026-06-28T02:13:51.614+05:30 DEBUG 17888 --- [smart-legal-backend] [http-nio-8080-exec-10] c.s.b.security.JwtAuthenticationFilter   : JWT authentication successful for user: ybm93274@gmail.com
2026-06-28T02:13:51.617+05:30 ERROR 17888 --- [smart-legal-backend] [http-nio-8080-exec-10] c.s.b.exception.GlobalExceptionHandler   : RuntimeException: When allowCredentials is true, allowedOrigins cannot contain the special value "*" since that cannot be set on the "Access-Control-Allow-Origin" response header. To allow credentials to a set of origins, list them explicitly or consider using "allowedOriginPatterns" instead.
2026-06-28T02:13:56.867+05:30 DEBUG 17888 --- [smart-legal-backend] [http-nio-8080-exec-2] c.s.b.security.JwtAuthenticationFilter   : JWT authentication successful for user: ybm93274@gmail.com
2026-06-28T02:13:56.885+05:30 ERROR 17888 --- [smart-legal-backend] [http-nio-8080-exec-2] c.s.b.exception.GlobalExceptionHandler   : RuntimeException: When allowCredentials is true, allowedOrigins cannot contain the special value "*" since that cannot be set on the "Access-Control-Allow-Origin" response header. To allow credentials to a set of origins, list them explicitly or consider using "allowedOriginPatterns" instead.
2026-06-28T02:13:56.886+05:30 DEBUG 17888 --- [smart-legal-backend] [http-nio-8080-exec-9] c.s.b.security.JwtAuthenticationFilter   : JWT authentication successful for user: ybm93274@gmail.com
2026-06-28T02:13:56.887+05:30 DEBUG 17888 --- [smart-legal-backend] [http-nio-8080-exec-5] c.s.b.security.JwtAuthenticationFilter   : JWT authentication successful for user: ybm93274@gmail.com
2026-06-28T02:13:56.888+05:30 DEBUG 17888 --- [smart-legal-backend] [http-nio-8080-exec-6] c.s.b.security.JwtAuthenticationFilter   : JWT authentication successful for user: ybm93274@gmail.com
2026-06-28T02:13:56.890+05:30 ERROR 17888 --- [smart-legal-backend] [http-nio-8080-exec-5] c.s.b.exception.GlobalExceptionHandler   : RuntimeException: When allowCredentials is true, allowedOrigins cannot contain the special value "*" since that cannot be set on the "Access-Control-Allow-Origin" response header. To allow credentials to a set of origins, list them explicitly or consider using "allowedOriginPatterns" instead.
2026-06-28T02:13:56.892+05:30 ERROR 17888 --- [smart-legal-backend] [http-nio-8080-exec-6] c.s.b.exception.GlobalExceptionHandler   : RuntimeException: When allowCredentials is true, allowedOrigins cannot contain the special value "*" since that cannot be set on the "Access-Control-Allow-Origin" response header. To allow credentials to a set of origins, list them explicitly or consider using "allowedOriginPatterns" instead.
2026-06-28T02:13:56.947+05:30 DEBUG 17888 --- [smart-legal-backend] [http-nio-8080-exec-1] c.s.b.security.JwtAuthenticationFilter   : JWT authentication successful for user: ybm93274@gmail.com
2026-06-28T02:13:56.951+05:30 ERROR 17888 --- [smart-legal-backend] [http-nio-8080-exec-1] c.s.b.exception.GlobalExceptionHandler   : RuntimeException: When allowCredentials is true, allowedOrigins cannot contain the special value "*" since that cannot be set on the "Access-Control-Allow-Origin" response header. To allow credentials to a set of origins, list them explicitly or consider using "allowedOriginPatterns" instead.
2026-06-28T02:13:56.954+05:30 DEBUG 17888 --- [smart-legal-backend] [http-nio-8080-exec-7] c.s.b.security.JwtAuthenticationFilter   : JWT authentication successful for user: ybm93274@gmail.com
2026-06-28T02:13:56.960+05:30 DEBUG 17888 --- [smart-legal-backend] [http-nio-8080-exec-8] c.s.b.security.JwtAuthenticationFilter   : JWT authentication successful for user: ybm93274@gmail.com
2026-06-28T02:13:56.960+05:30 ERROR 17888 --- [smart-legal-backend] [http-nio-8080-exec-7] c.s.b.exception.GlobalExceptionHandler   : RuntimeException: When allowCredentials is true, allowedOrigins cannot contain the special value "*" since that cannot be set on the "Access-Control-Allow-Origin" response header. To allow credentials to a set of origins, list them explicitly or consider using "allowedOriginPatterns" instead.
2026-06-28T02:13:56.964+05:30 ERROR 17888 --- [smart-legal-backend] [http-nio-8080-exec-8] c.s.b.exception.GlobalExceptionHandler   : RuntimeException: When allowCredentials is true, allowedOrigins cannot contain the special value "*" since that cannot be set on the "Access-Control-Allow-Origin" response header. To allow credentials to a set of origins, list them explicitly or consider using "allowedOriginPatterns" instead.
2026-06-28T02:13:56.985+05:30 DEBUG 17888 --- [smart-legal-backend] [http-nio-8080-exec-4] c.s.b.security.JwtAuthenticationFilter   : JWT authentication successful for user: ybm93274@gmail.com
2026-06-28T02:14:10.242+05:30 DEBUG 17888 --- [smart-legal-backend] [http-nio-8080-exec-2] c.s.b.security.JwtAuthenticationFilter   : JWT authentication successful for user: ybm93274@gmail.com
2026-06-28T02:14:10.246+05:30 ERROR 17888 --- [smart-legal-backend] [http-nio-8080-exec-2] c.s.b.exception.GlobalExceptionHandler   : RuntimeException: When allowCredentials is true, allowedOrigins cannot contain the special value "*" since that cannot be set on the "Access-Control-Allow-Origin" response header. To allow credentials to a set of origins, list them explicitly or consider using "allowedOriginPatterns" instead.
2026-06-28T02:14:10.344+05:30 DEBUG 17888 --- [smart-legal-backend] [http-nio-8080-exec-5] c.s.b.security.JwtAuthenticationFilter   : JWT authentication successful for user: ybm93274@gmail.com
2026-06-28T02:14:10.350+05:30 ERROR 17888 --- [smart-legal-backend] [http-nio-8080-exec-5] c.s.b.exception.GlobalExceptionHandler   : RuntimeException: When allowCredentials is true, allowedOrigins cannot contain the special value "*" since that cannot be set on the "Access-Control-Allow-Origin" response header. To allow credentials to a set of origins, list them explicitly or consider using "allowedOriginPatterns" instead.
2026-06-28T02:14:15.273+05:30 DEBUG 17888 --- [smart-legal-backend] [http-nio-8080-exec-6] c.s.b.security.JwtAuthenticationFilter   : JWT authentication successful for user: ybm93274@gmail.com
2026-06-28T02:14:15.273+05:30 DEBUG 17888 --- [smart-legal-backend] [http-nio-8080-exec-7] c.s.b.security.JwtAuthenticationFilter   : JWT authentication successful for user: ybm93274@gmail.com
2026-06-28T02:14:15.273+05:30 DEBUG 17888 --- [smart-legal-backend] [http-nio-8080-exec-9] c.s.b.security.JwtAuthenticationFilter   : JWT authentication successful for user: ybm93274@gmail.com
2026-06-28T02:14:15.278+05:30 ERROR 17888 --- [smart-legal-backend] [http-nio-8080-exec-9] c.s.b.exception.GlobalExceptionHandler   : RuntimeException: When allowCredentials is true, allowedOrigins cannot contain the special value "*" since that cannot be set on the "Access-Control-Allow-Origin" response header. To allow credentials to a set of origins, list them explicitly or consider using "allowedOriginPatterns" instead.
2026-06-28T02:14:15.281+05:30 ERROR 17888 --- [smart-legal-backend] [http-nio-8080-exec-7] c.s.b.exception.GlobalExceptionHandler   : RuntimeException: When allowCredentials is true, allowedOrigins cannot contain the special value "*" since that cannot be set on the "Access-Control-Allow-Origin" response header. To allow credentials to a set of origins, list them explicitly or consider using "allowedOriginPatterns" instead.
2026-06-28T02:14:15.283+05:30 DEBUG 17888 --- [smart-legal-backend] [http-nio-8080-exec-1] c.s.b.security.JwtAuthenticationFilter   : JWT authentication successful for user: ybm93274@gmail.com
2026-06-28T02:14:15.286+05:30 ERROR 17888 --- [smart-legal-backend] [http-nio-8080-exec-1] c.s.b.exception.GlobalExceptionHandler   : RuntimeException: When allowCredentials is true, allowedOrigins cannot contain the special value "*" since that cannot be set on the "Access-Control-Allow-Origin" response header. To allow credentials to a set of origins, list them explicitly or consider using "allowedOriginPatterns" instead.
2026-06-28T02:14:15.333+05:30 DEBUG 17888 --- [smart-legal-backend] [http-nio-8080-exec-4] c.s.b.security.JwtAuthenticationFilter   : JWT authentication successful for user: ybm93274@gmail.com
2026-06-28T02:14:15.336+05:30 DEBUG 17888 --- [smart-legal-backend] [http-nio-8080-exec-8] c.s.b.security.JwtAuthenticationFilter   : JWT authentication successful for user: ybm93274@gmail.com
2026-06-28T02:14:15.338+05:30 ERROR 17888 --- [smart-legal-backend] [http-nio-8080-exec-4] c.s.b.exception.GlobalExceptionHandler   : RuntimeException: When allowCredentials is true, allowedOrigins cannot contain the special value "*" since that cannot be set on the "Access-Control-Allow-Origin" response header. To allow credentials to a set of origins, list them explicitly or consider using "allowedOriginPatterns" instead.
2026-06-28T02:14:15.344+05:30 ERROR 17888 --- [smart-legal-backend] [http-nio-8080-exec-8] c.s.b.exception.GlobalExceptionHandler   : RuntimeException: When allowCredentials is true, allowedOrigins cannot contain the special value "*" since that cannot be set on the "Access-Control-Allow-Origin" response header. To allow credentials to a set of origins, list them explicitly or consider using "allowedOriginPatterns" instead.
2026-06-28T02:14:15.352+05:30 DEBUG 17888 --- [smart-legal-backend] [http-nio-8080-exec-3] c.s.b.security.JwtAuthenticationFilter   : JWT authentication successful for user: ybm93274@gmail.com
2026-06-28T02:14:15.361+05:30 ERROR 17888 --- [smart-legal-backend] [http-nio-8080-exec-3] c.s.b.exception.GlobalExceptionHandler   : RuntimeException: When allowCredentials is true, allowedOrigins cannot contain the special value "*" since that cannot be set on the "Access-Control-Allow-Origin" response header. To allow credentials to a set of origins, list them explicitly or consider using "allowedOriginPatterns" instead.
2026-06-28T02:14:15.386+05:30 DEBUG 17888 --- [smart-legal-backend] [http-nio-8080-exec-10] c.s.b.security.JwtAuthenticationFilter   : JWT authentication successful for user: ybm93274@gmail.com
2026-06-28T02:14:19.983+05:30 DEBUG 17888 --- [smart-legal-backend] [http-nio-8080-exec-2] c.s.b.security.JwtAuthenticationFilter   : JWT authentication successful for user: ybm93274@gmail.com
2026-06-28T02:14:19.991+05:30 ERROR 17888 --- [smart-legal-backend] [http-nio-8080-exec-2] c.s.b.exception.GlobalExceptionHandler   : RuntimeException: When allowCredentials is true, allowedOrigins cannot contain the special value "*" since that cannot be set on the "Access-Control-Allow-Origin" response header. To allow credentials to a set of origins, list them explicitly or consider using "allowedOriginPatterns" instead.
2026-06-28T02:14:20.016+05:30 DEBUG 17888 --- [smart-legal-backend] [http-nio-8080-exec-5] c.s.b.security.JwtAuthenticationFilter   : JWT authentication successful for user: ybm93274@gmail.com
2026-06-28T02:14:20.021+05:30 ERROR 17888 --- [smart-legal-backend] [http-nio-8080-exec-5] c.s.b.exception.GlobalExceptionHandler   : RuntimeException: When allowCredentials is true, allowedOrigins cannot contain the special value "*" since that cannot be set on the "Access-Control-Allow-Origin" response header. To allow credentials to a set of origins, list them explicitly or consider using "allowedOriginPatterns" instead.
2026-06-28T02:14:26.635+05:30 DEBUG 17888 --- [smart-legal-backend] [http-nio-8080-exec-6] c.s.b.security.JwtAuthenticationFilter   : JWT authentication successful for user: ybm93274@gmail.com
2026-06-28T02:14:26.635+05:30 DEBUG 17888 --- [smart-legal-backend] [http-nio-8080-exec-9] c.s.b.security.JwtAuthenticationFilter   : JWT authentication successful for user: ybm93274@gmail.com
2026-06-28T02:14:26.638+05:30 DEBUG 17888 --- [smart-legal-backend] [http-nio-8080-exec-7] c.s.b.security.JwtAuthenticationFilter   : JWT authentication successful for user: ybm93274@gmail.com
2026-06-28T02:14:26.639+05:30 ERROR 17888 --- [smart-legal-backend] [http-nio-8080-exec-9] c.s.b.exception.GlobalExceptionHandler   : RuntimeException: When allowCredentials is true, allowedOrigins cannot contain the special value "*" since that cannot be set on the "Access-Control-Allow-Origin" response header. To allow credentials to a set of origins, list them explicitly or consider using "allowedOriginPatterns" instead.
2026-06-28T02:14:26.639+05:30 DEBUG 17888 --- [smart-legal-backend] [http-nio-8080-exec-1] c.s.b.security.JwtAuthenticationFilter   : JWT authentication successful for user: ybm93274@gmail.com
2026-06-28T02:14:26.644+05:30 ERROR 17888 --- [smart-legal-backend] [http-nio-8080-exec-6] c.s.b.exception.GlobalExceptionHandler   : RuntimeException: When allowCredentials is true, allowedOrigins cannot contain the special value "*" since that cannot be set on the "Access-Control-Allow-Origin" response header. To allow credentials to a set of origins, list them explicitly or consider using "allowedOriginPatterns" instead.
2026-06-28T02:14:26.649+05:30 ERROR 17888 --- [smart-legal-backend] [http-nio-8080-exec-1] c.s.b.exception.GlobalExceptionHandler   : RuntimeException: When allowCredentials is true, allowedOrigins cannot contain the special value "*" since that cannot be set on the "Access-Control-Allow-Origin" response header. To allow credentials to a set of origins, list them explicitly or consider using "allowedOriginPatterns" instead.
2026-06-28T02:14:26.718+05:30 DEBUG 17888 --- [smart-legal-backend] [http-nio-8080-exec-6] c.s.b.security.JwtAuthenticationFilter   : JWT authentication successful for user: ybm93274@gmail.com
2026-06-28T02:14:26.722+05:30 DEBUG 17888 --- [smart-legal-backend] [http-nio-8080-exec-3] c.s.b.security.JwtAuthenticationFilter   : JWT authentication successful for user: ybm93274@gmail.com
2026-06-28T02:14:26.731+05:30 ERROR 17888 --- [smart-legal-backend] [http-nio-8080-exec-6] c.s.b.exception.GlobalExceptionHandler   : RuntimeException: When allowCredentials is true, allowedOrigins cannot contain the special value "*" since that cannot be set on the "Access-Control-Allow-Origin" response header. To allow credentials to a set of origins, list them explicitly or consider using "allowedOriginPatterns" instead.
2026-06-28T02:14:26.734+05:30 DEBUG 17888 --- [smart-legal-backend] [http-nio-8080-exec-8] c.s.b.security.JwtAuthenticationFilter   : JWT authentication successful for user: ybm93274@gmail.com
2026-06-28T02:14:26.734+05:30 ERROR 17888 --- [smart-legal-backend] [http-nio-8080-exec-3] c.s.b.exception.GlobalExceptionHandler   : RuntimeException: When allowCredentials is true, allowedOrigins cannot contain the special value "*" since that cannot be set on the "Access-Control-Allow-Origin" response header. To allow credentials to a set of origins, list them explicitly or consider using "allowedOriginPatterns" instead.
2026-06-28T02:14:26.736+05:30 ERROR 17888 --- [smart-legal-backend] [http-nio-8080-exec-8] c.s.b.exception.GlobalExceptionHandler   : RuntimeException: When allowCredentials is true, allowedOrigins cannot contain the special value "*" since that cannot be set on the "Access-Control-Allow-Origin" response header. To allow credentials to a set of origins, list them explicitly or consider using "allowedOriginPatterns" instead.
2026-06-28T02:14:26.756+05:30 DEBUG 17888 --- [smart-legal-backend] [http-nio-8080-exec-10] c.s.b.security.JwtAuthenticationFilter   : JWT authentication successful for user: ybm93274@gmail.com
2026-06-28T02:17:19.108+05:30 DEBUG 17888 --- [smart-legal-backend] [http-nio-8080-exec-9] c.s.b.security.JwtAuthenticationFilter   : JWT authentication successful for user: ybm93274@gmail.com
2026-06-28T02:17:20.268+05:30  INFO 17888 --- [smart-legal-backend] [http-nio-8080-exec-9] c.s.b.controller.ChatbotController       : Proxying chatbot request to: http://localhost:8000/api/v1/chatbot/chat
2026-06-28T02:17:35.001+05:30 DEBUG 17888 --- [smart-legal-backend] [http-nio-8080-exec-1] c.s.b.security.JwtAuthenticationFilter   : JWT authentication successful for user: ybm93274@gmail.com
2026-06-28T02:17:35.013+05:30  INFO 17888 --- [smart-legal-backend] [http-nio-8080-exec-1] c.s.b.controller.ChatbotController       : Proxying chatbot request to: http://localhost:8000/api/v1/chatbot/chat
2026-06-28T02:17:57.823+05:30 DEBUG 17888 --- [smart-legal-backend] [http-nio-8080-exec-7] c.s.b.security.JwtAuthenticationFilter   : JWT authentication successful for user: ybm93274@gmail.com
2026-06-28T02:17:57.827+05:30  INFO 17888 --- [smart-legal-backend] [http-nio-8080-exec-7] c.s.b.controller.ChatbotController       : Proxying chatbot request to: http://localhost:8000/api/v1/chatbot/chat
2026-06-28T02:18:15.219+05:30 DEBUG 17888 --- [smart-legal-backend] [http-nio-8080-exec-6] c.s.b.security.JwtAuthenticationFilter   : JWT authentication successful for user: ybm93274@gmail.com
2026-06-28T02:18:15.232+05:30  INFO 17888 --- [smart-legal-backend] [http-nio-8080-exec-6] c.s.b.controller.ChatbotController       : Proxying chatbot request to: http://localhost:8000/api/v1/chatbot/chat
2026-06-28T02:19:36.706+05:30 DEBUG 17888 --- [smart-legal-backend] [http-nio-8080-exec-1] c.s.b.security.JwtAuthenticationFilter   : JWT authentication successful for user: ybm93274@gmail.com
2026-06-28T02:19:36.699+05:30 DEBUG 17888 --- [smart-legal-backend] [http-nio-8080-exec-10] c.s.b.security.JwtAuthenticationFilter   : JWT authentication successful for user: ybm93274@gmail.com
2026-06-28T02:19:36.699+05:30 DEBUG 17888 --- [smart-legal-backend] [http-nio-8080-exec-8] c.s.b.security.JwtAuthenticationFilter   : JWT authentication successful for user: ybm93274@gmail.com
2026-06-28T02:19:36.699+05:30 DEBUG 17888 --- [smart-legal-backend] [http-nio-8080-exec-3] c.s.b.security.JwtAuthenticationFilter   : JWT authentication successful for user: ybm93274@gmail.com
2026-06-28T02:19:36.749+05:30 ERROR 17888 --- [smart-legal-backend] [http-nio-8080-exec-1] c.s.b.exception.GlobalExceptionHandler   : RuntimeException: When allowCredentials is true, allowedOrigins cannot contain the special value "*" since that cannot be set on the "Access-Control-Allow-Origin" response header. To allow credentials to a set of origins, list them explicitly or consider using "allowedOriginPatterns" instead.
2026-06-28T02:19:36.749+05:30 ERROR 17888 --- [smart-legal-backend] [http-nio-8080-exec-10] c.s.b.exception.GlobalExceptionHandler   : RuntimeException: When allowCredentials is true, allowedOrigins cannot contain the special value "*" since that cannot be set on the "Access-Control-Allow-Origin" response header. To allow credentials to a set of origins, list them explicitly or consider using "allowedOriginPatterns" instead.
2026-06-28T02:19:36.749+05:30 ERROR 17888 --- [smart-legal-backend] [http-nio-8080-exec-3] c.s.b.exception.GlobalExceptionHandler   : RuntimeException: When allowCredentials is true, allowedOrigins cannot contain the special value "*" since that cannot be set on the "Access-Control-Allow-Origin" response header. To allow credentials to a set of origins, list them explicitly or consider using "allowedOriginPatterns" instead.
2026-06-28T02:19:36.850+05:30 DEBUG 17888 --- [smart-legal-backend] [http-nio-8080-exec-4] c.s.b.security.JwtAuthenticationFilter   : JWT authentication successful for user: ybm93274@gmail.com
2026-06-28T02:19:36.851+05:30 DEBUG 17888 --- [smart-legal-backend] [http-nio-8080-exec-7] c.s.b.security.JwtAuthenticationFilter   : JWT authentication successful for user: ybm93274@gmail.com
2026-06-28T02:19:36.857+05:30 ERROR 17888 --- [smart-legal-backend] [http-nio-8080-exec-4] c.s.b.exception.GlobalExceptionHandler   : RuntimeException: When allowCredentials is true, allowedOrigins cannot contain the special value "*" since that cannot be set on the "Access-Control-Allow-Origin" response header. To allow credentials to a set of origins, list them explicitly or consider using "allowedOriginPatterns" instead.
2026-06-28T02:19:36.859+05:30 ERROR 17888 --- [smart-legal-backend] [http-nio-8080-exec-7] c.s.b.exception.GlobalExceptionHandler   : RuntimeException: When allowCredentials is true, allowedOrigins cannot contain the special value "*" since that cannot be set on the "Access-Control-Allow-Origin" response header. To allow credentials to a set of origins, list them explicitly or consider using "allowedOriginPatterns" instead.
2026-06-28T02:19:36.861+05:30 DEBUG 17888 --- [smart-legal-backend] [http-nio-8080-exec-6] c.s.b.security.JwtAuthenticationFilter   : JWT authentication successful for user: ybm93274@gmail.com
2026-06-28T02:19:36.865+05:30 ERROR 17888 --- [smart-legal-backend] [http-nio-8080-exec-6] c.s.b.exception.GlobalExceptionHandler   : RuntimeException: When allowCredentials is true, allowedOrigins cannot contain the special value "*" since that cannot be set on the "Access-Control-Allow-Origin" response header. To allow credentials to a set of origins, list them explicitly or consider using "allowedOriginPatterns" instead.
2026-06-28T02:19:36.928+05:30 DEBUG 17888 --- [smart-legal-backend] [http-nio-8080-exec-2] c.s.b.security.JwtAuthenticationFilter   : JWT authentication successful for user: ybm93274@gmail.com
2026-06-28T02:19:40.617+05:30 DEBUG 17888 --- [smart-legal-backend] [http-nio-8080-exec-5] c.s.b.security.JwtAuthenticationFilter   : JWT authentication successful for user: ybm93274@gmail.com
2026-06-28T02:19:40.636+05:30  INFO 17888 --- [smart-legal-backend] [http-nio-8080-exec-5] c.s.b.controller.DocumentController      : Report requested for document id=19
2026-06-28T02:19:40.638+05:30  INFO 17888 --- [smart-legal-backend] [http-nio-8080-exec-5] c.s.backend.service.DocumentService      : Fetching risk report for document id=19
2026-06-28T02:19:40.686+05:30  INFO 17888 --- [smart-legal-backend] [http-nio-8080-exec-5] c.s.b.controller.DocumentController      : Report found: id=2, clauses=4
2026-06-28T02:25:30.491+05:30 DEBUG 17888 --- [smart-legal-backend] [http-nio-8080-exec-3] c.s.b.security.JwtAuthenticationFilter   : JWT authentication successful for user: ybm93274@gmail.com
2026-06-28T02:25:30.491+05:30 DEBUG 17888 --- [smart-legal-backend] [http-nio-8080-exec-2] c.s.b.security.JwtAuthenticationFilter   : JWT authentication successful for user: ybm93274@gmail.com
2026-06-28T02:25:30.491+05:30 DEBUG 17888 --- [smart-legal-backend] [http-nio-8080-exec-6] c.s.b.security.JwtAuthenticationFilter   : JWT authentication successful for user: ybm93274@gmail.com
2026-06-28T02:25:30.491+05:30 DEBUG 17888 --- [smart-legal-backend] [http-nio-8080-exec-10] c.s.b.security.JwtAuthenticationFilter   : JWT authentication successful for user: ybm93274@gmail.com
2026-06-28T02:25:30.658+05:30 ERROR 17888 --- [smart-legal-backend] [http-nio-8080-exec-6] c.s.b.exception.GlobalExceptionHandler   : RuntimeException: When allowCredentials is true, allowedOrigins cannot contain the special value "*" since that cannot be set on the "Access-Control-Allow-Origin" response header. To allow credentials to a set of origins, list them explicitly or consider using "allowedOriginPatterns" instead.
2026-06-28T02:25:30.659+05:30 ERROR 17888 --- [smart-legal-backend] [http-nio-8080-exec-3] c.s.b.exception.GlobalExceptionHandler   : RuntimeException: When allowCredentials is true, allowedOrigins cannot contain the special value "*" since that cannot be set on the "Access-Control-Allow-Origin" response header. To allow credentials to a set of origins, list them explicitly or consider using "allowedOriginPatterns" instead.
2026-06-28T02:25:30.660+05:30 ERROR 17888 --- [smart-legal-backend] [http-nio-8080-exec-2] c.s.b.exception.GlobalExceptionHandler   : RuntimeException: When allowCredentials is true, allowedOrigins cannot contain the special value "*" since that cannot be set on the "Access-Control-Allow-Origin" response header. To allow credentials to a set of origins, list them explicitly or consider using "allowedOriginPatterns" instead.
2026-06-28T02:25:30.836+05:30 DEBUG 17888 --- [smart-legal-backend] [http-nio-8080-exec-1] c.s.b.security.JwtAuthenticationFilter   : JWT authentication successful for user: ybm93274@gmail.com
2026-06-28T02:25:30.837+05:30 DEBUG 17888 --- [smart-legal-backend] [http-nio-8080-exec-7] c.s.b.security.JwtAuthenticationFilter   : JWT authentication successful for user: ybm93274@gmail.com
2026-06-28T02:25:30.842+05:30 ERROR 17888 --- [smart-legal-backend] [http-nio-8080-exec-7] c.s.b.exception.GlobalExceptionHandler   : RuntimeException: When allowCredentials is true, allowedOrigins cannot contain the special value "*" since that cannot be set on the "Access-Control-Allow-Origin" response header. To allow credentials to a set of origins, list them explicitly or consider using "allowedOriginPatterns" instead.
2026-06-28T02:25:30.844+05:30 DEBUG 17888 --- [smart-legal-backend] [http-nio-8080-exec-4] c.s.b.security.JwtAuthenticationFilter   : JWT authentication successful for user: ybm93274@gmail.com
2026-06-28T02:25:30.842+05:30 ERROR 17888 --- [smart-legal-backend] [http-nio-8080-exec-1] c.s.b.exception.GlobalExceptionHandler   : RuntimeException: When allowCredentials is true, allowedOrigins cannot contain the special value "*" since that cannot be set on the "Access-Control-Allow-Origin" response header. To allow credentials to a set of origins, list them explicitly or consider using "allowedOriginPatterns" instead.
2026-06-28T02:25:30.853+05:30 ERROR 17888 --- [smart-legal-backend] [http-nio-8080-exec-4] c.s.b.exception.GlobalExceptionHandler   : RuntimeException: When allowCredentials is true, allowedOrigins cannot contain the special value "*" since that cannot be set on the "Access-Control-Allow-Origin" response header. To allow credentials to a set of origins, list them explicitly or consider using "allowedOriginPatterns" instead.
2026-06-28T02:25:30.905+05:30 DEBUG 17888 --- [smart-legal-backend] [http-nio-8080-exec-1] c.s.b.security.JwtAuthenticationFilter   : JWT authentication successful for user: ybm93274@gmail.com
2026-06-28T02:25:39.317+05:30 DEBUG 17888 --- [smart-legal-backend] [http-nio-8080-exec-3] c.s.b.security.JwtAuthenticationFilter   : JWT authentication successful for user: ybm93274@gmail.com
2026-06-28T02:25:39.331+05:30 ERROR 17888 --- [smart-legal-backend] [http-nio-8080-exec-3] c.s.b.exception.GlobalExceptionHandler   : RuntimeException: When allowCredentials is true, allowedOrigins cannot contain the special value "*" since that cannot be set on the "Access-Control-Allow-Origin" response header. To allow credentials to a set of origins, list them explicitly or consider using "allowedOriginPatterns" instead.
2026-06-28T02:25:39.409+05:30 DEBUG 17888 --- [smart-legal-backend] [http-nio-8080-exec-6] c.s.b.security.JwtAuthenticationFilter   : JWT authentication successful for user: ybm93274@gmail.com
2026-06-28T02:25:39.418+05:30 ERROR 17888 --- [smart-legal-backend] [http-nio-8080-exec-6] c.s.b.exception.GlobalExceptionHandler   : RuntimeException: When allowCredentials is true, allowedOrigins cannot contain the special value "*" since that cannot be set on the "Access-Control-Allow-Origin" response header. To allow credentials to a set of origins, list them explicitly or consider using "allowedOriginPatterns" instead.
2026-06-28T02:25:41.551+05:30 DEBUG 17888 --- [smart-legal-backend] [http-nio-8080-exec-2] c.s.b.security.JwtAuthenticationFilter   : JWT authentication successful for user: ybm93274@gmail.com
2026-06-28T02:25:41.552+05:30 DEBUG 17888 --- [smart-legal-backend] [http-nio-8080-exec-10] c.s.b.security.JwtAuthenticationFilter   : JWT authentication successful for user: ybm93274@gmail.com
2026-06-28T02:25:41.553+05:30 DEBUG 17888 --- [smart-legal-backend] [http-nio-8080-exec-5] c.s.b.security.JwtAuthenticationFilter   : JWT authentication successful for user: ybm93274@gmail.com
2026-06-28T02:25:41.556+05:30 DEBUG 17888 --- [smart-legal-backend] [http-nio-8080-exec-7] c.s.b.security.JwtAuthenticationFilter   : JWT authentication successful for user: ybm93274@gmail.com
2026-06-28T02:25:41.557+05:30 ERROR 17888 --- [smart-legal-backend] [http-nio-8080-exec-5] c.s.b.exception.GlobalExceptionHandler   : RuntimeException: When allowCredentials is true, allowedOrigins cannot contain the special value "*" since that cannot be set on the "Access-Control-Allow-Origin" response header. To allow credentials to a set of origins, list them explicitly or consider using "allowedOriginPatterns" instead.
2026-06-28T02:25:41.557+05:30 ERROR 17888 --- [smart-legal-backend] [http-nio-8080-exec-10] c.s.b.exception.GlobalExceptionHandler   : RuntimeException: When allowCredentials is true, allowedOrigins cannot contain the special value "*" since that cannot be set on the "Access-Control-Allow-Origin" response header. To allow credentials to a set of origins, list them explicitly or consider using "allowedOriginPatterns" instead.
2026-06-28T02:25:41.564+05:30 ERROR 17888 --- [smart-legal-backend] [http-nio-8080-exec-7] c.s.b.exception.GlobalExceptionHandler   : RuntimeException: When allowCredentials is true, allowedOrigins cannot contain the special value "*" since that cannot be set on the "Access-Control-Allow-Origin" response header. To allow credentials to a set of origins, list them explicitly or consider using "allowedOriginPatterns" instead.
2026-06-28T02:25:41.635+05:30 DEBUG 17888 --- [smart-legal-backend] [http-nio-8080-exec-4] c.s.b.security.JwtAuthenticationFilter   : JWT authentication successful for user: ybm93274@gmail.com
2026-06-28T02:25:41.640+05:30 ERROR 17888 --- [smart-legal-backend] [http-nio-8080-exec-4] c.s.b.exception.GlobalExceptionHandler   : RuntimeException: When allowCredentials is true, allowedOrigins cannot contain the special value "*" since that cannot be set on the "Access-Control-Allow-Origin" response header. To allow credentials to a set of origins, list them explicitly or consider using "allowedOriginPatterns" instead.
2026-06-28T02:25:41.664+05:30 DEBUG 17888 --- [smart-legal-backend] [http-nio-8080-exec-1] c.s.b.security.JwtAuthenticationFilter   : JWT authentication successful for user: ybm93274@gmail.com
2026-06-28T02:25:41.670+05:30 DEBUG 17888 --- [smart-legal-backend] [http-nio-8080-exec-8] c.s.b.security.JwtAuthenticationFilter   : JWT authentication successful for user: ybm93274@gmail.com
2026-06-28T02:25:41.673+05:30 ERROR 17888 --- [smart-legal-backend] [http-nio-8080-exec-1] c.s.b.exception.GlobalExceptionHandler   : RuntimeException: When allowCredentials is true, allowedOrigins cannot contain the special value "*" since that cannot be set on the "Access-Control-Allow-Origin" response header. To allow credentials to a set of origins, list them explicitly or consider using "allowedOriginPatterns" instead.
2026-06-28T02:25:41.773+05:30 DEBUG 17888 --- [smart-legal-backend] [http-nio-8080-exec-9] c.s.b.security.JwtAuthenticationFilter   : JWT authentication successful for user: ybm93274@gmail.com
2026-06-28T02:25:41.783+05:30 ERROR 17888 --- [smart-legal-backend] [http-nio-8080-exec-9] c.s.b.exception.GlobalExceptionHandler   : RuntimeException: When allowCredentials is true, allowedOrigins cannot contain the special value "*" since that cannot be set on the "Access-Control-Allow-Origin" response header. To allow credentials to a set of origins, list them explicitly or consider using "allowedOriginPatterns" instead.
2026-06-28T02:25:48.461+05:30 DEBUG 17888 --- [smart-legal-backend] [http-nio-8080-exec-10] c.s.b.security.JwtAuthenticationFilter   : JWT authentication successful for user: ybm93274@gmail.com
2026-06-28T02:25:48.461+05:30 DEBUG 17888 --- [smart-legal-backend] [http-nio-8080-exec-6] c.s.b.security.JwtAuthenticationFilter   : JWT authentication successful for user: ybm93274@gmail.com
2026-06-28T02:25:48.462+05:30 DEBUG 17888 --- [smart-legal-backend] [http-nio-8080-exec-3] c.s.b.security.JwtAuthenticationFilter   : JWT authentication successful for user: ybm93274@gmail.com
2026-06-28T02:25:48.463+05:30 DEBUG 17888 --- [smart-legal-backend] [http-nio-8080-exec-5] c.s.b.security.JwtAuthenticationFilter   : JWT authentication successful for user: ybm93274@gmail.com
2026-06-28T02:25:48.465+05:30 ERROR 17888 --- [smart-legal-backend] [http-nio-8080-exec-10] c.s.b.exception.GlobalExceptionHandler   : RuntimeException: When allowCredentials is true, allowedOrigins cannot contain the special value "*" since that cannot be set on the "Access-Control-Allow-Origin" response header. To allow credentials to a set of origins, list them explicitly or consider using "allowedOriginPatterns" instead.
2026-06-28T02:25:48.465+05:30 ERROR 17888 --- [smart-legal-backend] [http-nio-8080-exec-6] c.s.b.exception.GlobalExceptionHandler   : RuntimeException: When allowCredentials is true, allowedOrigins cannot contain the special value "*" since that cannot be set on the "Access-Control-Allow-Origin" response header. To allow credentials to a set of origins, list them explicitly or consider using "allowedOriginPatterns" instead.
2026-06-28T02:25:48.467+05:30 ERROR 17888 --- [smart-legal-backend] [http-nio-8080-exec-5] c.s.b.exception.GlobalExceptionHandler   : RuntimeException: When allowCredentials is true, allowedOrigins cannot contain the special value "*" since that cannot be set on the "Access-Control-Allow-Origin" response header. To allow credentials to a set of origins, list them explicitly or consider using "allowedOriginPatterns" instead.
2026-06-28T02:25:48.540+05:30 DEBUG 17888 --- [smart-legal-backend] [http-nio-8080-exec-4] c.s.b.security.JwtAuthenticationFilter   : JWT authentication successful for user: ybm93274@gmail.com
2026-06-28T02:25:48.542+05:30 DEBUG 17888 --- [smart-legal-backend] [http-nio-8080-exec-7] c.s.b.security.JwtAuthenticationFilter   : JWT authentication successful for user: ybm93274@gmail.com
2026-06-28T02:25:48.548+05:30 ERROR 17888 --- [smart-legal-backend] [http-nio-8080-exec-4] c.s.b.exception.GlobalExceptionHandler   : RuntimeException: When allowCredentials is true, allowedOrigins cannot contain the special value "*" since that cannot be set on the "Access-Control-Allow-Origin" response header. To allow credentials to a set of origins, list them explicitly or consider using "allowedOriginPatterns" instead.
2026-06-28T02:25:48.547+05:30 ERROR 17888 --- [smart-legal-backend] [http-nio-8080-exec-7] c.s.b.exception.GlobalExceptionHandler   : RuntimeException: When allowCredentials is true, allowedOrigins cannot contain the special value "*" since that cannot be set on the "Access-Control-Allow-Origin" response header. To allow credentials to a set of origins, list them explicitly or consider using "allowedOriginPatterns" instead.
2026-06-28T02:25:48.553+05:30 DEBUG 17888 --- [smart-legal-backend] [http-nio-8080-exec-2] c.s.b.security.JwtAuthenticationFilter   : JWT authentication successful for user: ybm93274@gmail.com
2026-06-28T02:25:48.557+05:30 ERROR 17888 --- [smart-legal-backend] [http-nio-8080-exec-2] c.s.b.exception.GlobalExceptionHandler   : RuntimeException: When allowCredentials is true, allowedOrigins cannot contain the special value "*" since that cannot be set on the "Access-Control-Allow-Origin" response header. To allow credentials to a set of origins, list them explicitly or consider using "allowedOriginPatterns" instead.
2026-06-28T02:25:48.635+05:30 DEBUG 17888 --- [smart-legal-backend] [http-nio-8080-exec-1] c.s.b.security.JwtAuthenticationFilter   : JWT authentication successful for user: ybm93274@gmail.com
2026-06-28T02:27:30.832+05:30  INFO 17888 --- [smart-legal-backend] [SpringApplicationShutdownHook] o.s.m.s.b.SimpleBrokerMessageHandler     : Stopping...
2026-06-28T02:27:30.979+05:30  INFO 17888 --- [smart-legal-backend] [SpringApplicationShutdownHook] o.s.m.s.b.SimpleBrokerMessageHandler     : BrokerAvailabilityEvent[available=false, SimpleBrokerMessageHandler [org.springframework.messaging.simp.broker.DefaultSubscriptionRegistry@2d2690f6]]
2026-06-28T02:27:30.981+05:30  INFO 17888 --- [smart-legal-backend] [SpringApplicationShutdownHook] o.s.m.s.b.SimpleBrokerMessageHandler     : Stopped.
2026-06-28T02:27:32.121+05:30  INFO 17888 --- [smart-legal-backend] [SpringApplicationShutdownHook] j.LocalContainerEntityManagerFactoryBean : Closing JPA EntityManagerFactory for persistence unit 'default'
2026-06-28T02:27:32.503+05:30  INFO 17888 --- [smart-legal-backend] [SpringApplicationShutdownHook] com.zaxxer.hikari.HikariDataSource       : HikariPool-1 - Shutdown initiated...
2026-06-28T02:27:32.928+05:30  INFO 17888 --- [smart-legal-backend] [SpringApplicationShutdownHook] com.zaxxer.hikari.HikariDataSource       : HikariPool-1 - Shutdown completed.
2026-06-28T17:34:52.970+05:30  INFO 22520 --- [smart-legal-backend] [main] c.s.b.SmartLegalBackendApplication       : Starting SmartLegalBackendApplication using Java 23.0.2 with PID 22520 (C:\Users\yashu\OneDrive\Desktop\Smart-Legal-Assistance-System\backend\target\classes started by yashu in C:\Users\yashu\OneDrive\Desktop\Smart-Legal-Assistance-System)
2026-06-28T17:34:52.976+05:30 DEBUG 22520 --- [smart-legal-backend] [main] c.s.b.SmartLegalBackendApplication       : Running with Spring Boot v3.2.4, Spring v6.1.5
2026-06-28T17:34:52.981+05:30  INFO 22520 --- [smart-legal-backend] [main] c.s.b.SmartLegalBackendApplication       : No active profile set, falling back to 1 default profile: "default"
2026-06-28T17:34:56.348+05:30  INFO 22520 --- [smart-legal-backend] [main] .s.d.r.c.RepositoryConfigurationDelegate : Bootstrapping Spring Data JPA repositories in DEFAULT mode.
2026-06-28T17:34:56.514+05:30  INFO 22520 --- [smart-legal-backend] [main] .s.d.r.c.RepositoryConfigurationDelegate : Finished Spring Data repository scanning in 151 ms. Found 15 JPA repository interfaces.
2026-06-28T17:34:58.342+05:30  INFO 22520 --- [smart-legal-backend] [main] o.s.b.w.embedded.tomcat.TomcatWebServer  : Tomcat initialized with port 8080 (http)
2026-06-28T17:34:58.366+05:30  INFO 22520 --- [smart-legal-backend] [main] o.apache.catalina.core.StandardService   : Starting service [Tomcat]
2026-06-28T17:34:58.367+05:30  INFO 22520 --- [smart-legal-backend] [main] o.apache.catalina.core.StandardEngine    : Starting Servlet engine: [Apache Tomcat/10.1.19]
2026-06-28T17:34:58.506+05:30  INFO 22520 --- [smart-legal-backend] [main] o.a.c.c.C.[Tomcat].[localhost].[/]       : Initializing Spring embedded WebApplicationContext
2026-06-28T17:34:58.507+05:30  INFO 22520 --- [smart-legal-backend] [main] w.s.c.ServletWebServerApplicationContext : Root WebApplicationContext: initialization completed in 5361 ms
2026-06-28T17:34:59.168+05:30  INFO 22520 --- [smart-legal-backend] [main] o.hibernate.jpa.internal.util.LogHelper  : HHH000204: Processing PersistenceUnitInfo [name: default]
2026-06-28T17:34:59.353+05:30  INFO 22520 --- [smart-legal-backend] [main] org.hibernate.Version                    : HHH000412: Hibernate ORM core version 6.4.4.Final
2026-06-28T17:34:59.430+05:30  INFO 22520 --- [smart-legal-backend] [main] o.h.c.internal.RegionFactoryInitiator    : HHH000026: Second-level cache disabled
2026-06-28T17:35:00.006+05:30  INFO 22520 --- [smart-legal-backend] [main] o.s.o.j.p.SpringPersistenceUnitInfo      : No LoadTimeWeaver setup: ignoring JPA class transformer
2026-06-28T17:35:00.071+05:30  INFO 22520 --- [smart-legal-backend] [main] com.zaxxer.hikari.HikariDataSource       : HikariPool-1 - Starting...
2026-06-28T17:35:00.504+05:30  INFO 22520 --- [smart-legal-backend] [main] com.zaxxer.hikari.pool.HikariPool        : HikariPool-1 - Added connection com.mysql.cj.jdbc.ConnectionImpl@4e671ef
2026-06-28T17:35:00.508+05:30  INFO 22520 --- [smart-legal-backend] [main] com.zaxxer.hikari.HikariDataSource       : HikariPool-1 - Start completed.
2026-06-28T17:35:00.670+05:30  WARN 22520 --- [smart-legal-backend] [main] org.hibernate.orm.deprecation            : HHH90000025: MySQLDialect does not need to be specified explicitly using 'hibernate.dialect' (remove the property setting and it will be selected by default)
2026-06-28T17:35:03.346+05:30  INFO 22520 --- [smart-legal-backend] [main] o.h.e.t.j.p.i.JtaPlatformInitiator       : HHH000489: No JTA platform available (set 'hibernate.transaction.jta.platform' to enable JTA platform integration)
2026-06-28T17:35:03.894+05:30  INFO 22520 --- [smart-legal-backend] [main] j.LocalContainerEntityManagerFactoryBean : Initialized JPA EntityManagerFactory for persistence unit 'default'
2026-06-28T17:35:05.197+05:30 DEBUG 22520 --- [smart-legal-backend] [main] c.s.b.security.JwtAuthenticationFilter   : Filter 'jwtAuthenticationFilter' configured for use
2026-06-28T17:35:05.519+05:30  INFO 22520 --- [smart-legal-backend] [main] o.s.d.j.r.query.QueryEnhancerFactory     : Hibernate is in classpath; If applicable, HQL parser will be used.
2026-06-28T17:35:08.407+05:30  INFO 22520 --- [smart-legal-backend] [main] c.s.backend.service.PaymentService       : Razorpay client initialized successfully.
2026-06-28T17:35:11.895+05:30  INFO 22520 --- [smart-legal-backend] [main] o.s.b.a.e.web.EndpointLinksResolver      : Exposing 3 endpoint(s) beneath base path '/actuator'
2026-06-28T17:35:13.173+05:30  WARN 22520 --- [smart-legal-backend] [main] ion$DefaultTemplateResolverConfiguration : Cannot find template location: classpath:/templates/ (please add some templates, check your Thymeleaf configuration, or set spring.thymeleaf.check-template-location=false)
2026-06-28T17:35:14.618+05:30  INFO 22520 --- [smart-legal-backend] [main] o.s.b.w.embedded.tomcat.TomcatWebServer  : Tomcat started on port 8080 (http) with context path ''
2026-06-28T17:35:14.623+05:30  INFO 22520 --- [smart-legal-backend] [main] o.s.m.s.b.SimpleBrokerMessageHandler     : Starting...
2026-06-28T17:35:14.625+05:30  INFO 22520 --- [smart-legal-backend] [main] o.s.m.s.b.SimpleBrokerMessageHandler     : BrokerAvailabilityEvent[available=true, SimpleBrokerMessageHandler [org.springframework.messaging.simp.broker.DefaultSubscriptionRegistry@1dfa18a6]]
2026-06-28T17:35:14.627+05:30  INFO 22520 --- [smart-legal-backend] [main] o.s.m.s.b.SimpleBrokerMessageHandler     : Started.
2026-06-28T17:35:14.660+05:30  INFO 22520 --- [smart-legal-backend] [main] c.s.b.SmartLegalBackendApplication       : Started SmartLegalBackendApplication in 22.95 seconds (process running for 25.055)
2026-06-28T17:36:14.544+05:30  INFO 22520 --- [smart-legal-backend] [MessageBroker-1] o.s.w.s.c.WebSocketMessageBrokerStats    : WebSocketSession[0 current WS(0)-HttpStream(0)-HttpPoll(0), 0 total, 0 closed abnormally (0 connect failure, 0 send limit, 0 transport error)], stompSubProtocol[processed CONNECT(0)-CONNECTED(0)-DISCONNECT(0)], stompBrokerRelay[null], inboundChannel[pool size = 0, active threads = 0, queued tasks = 0, completed tasks = 0], outboundChannel[pool size = 0, active threads = 0, queued tasks = 0, completed tasks = 0], sockJsScheduler[pool size = 1, active threads = 1, queued tasks = 0, completed tasks = 0]
2026-06-28T17:38:17.250+05:30  INFO 22520 --- [smart-legal-backend] [http-nio-8080-exec-4] o.a.c.c.C.[Tomcat].[localhost].[/]       : Initializing Spring DispatcherServlet 'dispatcherServlet'
2026-06-28T17:38:17.265+05:30  INFO 22520 --- [smart-legal-backend] [http-nio-8080-exec-4] o.s.web.servlet.DispatcherServlet        : Initializing Servlet 'dispatcherServlet'
2026-06-28T17:38:17.367+05:30  INFO 22520 --- [smart-legal-backend] [http-nio-8080-exec-4] o.s.web.servlet.DispatcherServlet        : Completed initialization in 101 ms
2026-06-28T17:38:17.830+05:30  WARN 22520 --- [smart-legal-backend] [http-nio-8080-exec-3] c.s.backend.security.WebSecurityConfig   : Unauthorized request to /api/documents/: Full authentication is required to access this resource
2026-06-28T17:38:17.830+05:30  WARN 22520 --- [smart-legal-backend] [http-nio-8080-exec-4] c.s.backend.security.WebSecurityConfig   : Unauthorized request to /api/appointments/my: Full authentication is required to access this resource
2026-06-28T17:38:17.830+05:30  WARN 22520 --- [smart-legal-backend] [http-nio-8080-exec-2] c.s.backend.security.WebSecurityConfig   : Unauthorized request to /api/payments/my: Full authentication is required to access this resource
2026-06-28T17:38:17.830+05:30  WARN 22520 --- [smart-legal-backend] [http-nio-8080-exec-1] c.s.backend.security.WebSecurityConfig   : Unauthorized request to /api/users/profile: Full authentication is required to access this resource
2026-06-28T17:38:18.261+05:30  WARN 22520 --- [smart-legal-backend] [http-nio-8080-exec-5] c.s.backend.security.WebSecurityConfig   : Unauthorized request to /api/appointments/my: Full authentication is required to access this resource
2026-06-28T17:38:18.261+05:30  WARN 22520 --- [smart-legal-backend] [http-nio-8080-exec-6] c.s.backend.security.WebSecurityConfig   : Unauthorized request to /api/documents/: Full authentication is required to access this resource
2026-06-28T17:38:18.263+05:30  WARN 22520 --- [smart-legal-backend] [http-nio-8080-exec-7] c.s.backend.security.WebSecurityConfig   : Unauthorized request to /api/users/profile: Full authentication is required to access this resource
2026-06-28T17:38:18.264+05:30  WARN 22520 --- [smart-legal-backend] [http-nio-8080-exec-8] c.s.backend.security.WebSecurityConfig   : Unauthorized request to /api/payments/my: Full authentication is required to access this resource
2026-06-28T17:39:22.615+05:30 DEBUG 22520 --- [smart-legal-backend] [http-nio-8080-exec-6] c.s.b.security.JwtAuthenticationFilter   : JWT authentication successful for user: yashukc@gmail.com
2026-06-28T17:39:22.626+05:30 DEBUG 22520 --- [smart-legal-backend] [http-nio-8080-exec-9] c.s.b.security.JwtAuthenticationFilter   : JWT authentication successful for user: yashukc@gmail.com
2026-06-28T17:39:22.627+05:30 DEBUG 22520 --- [smart-legal-backend] [http-nio-8080-exec-2] c.s.b.security.JwtAuthenticationFilter   : JWT authentication successful for user: yashukc@gmail.com
2026-06-28T17:39:22.627+05:30 DEBUG 22520 --- [smart-legal-backend] [http-nio-8080-exec-4] c.s.b.security.JwtAuthenticationFilter   : JWT authentication successful for user: yashukc@gmail.com
2026-06-28T17:39:22.628+05:30 ERROR 22520 --- [smart-legal-backend] [http-nio-8080-exec-6] c.s.b.exception.GlobalExceptionHandler   : RuntimeException: When allowCredentials is true, allowedOrigins cannot contain the special value "*" since that cannot be set on the "Access-Control-Allow-Origin" response header. To allow credentials to a set of origins, list them explicitly or consider using "allowedOriginPatterns" instead.
2026-06-28T17:39:22.629+05:30 ERROR 22520 --- [smart-legal-backend] [http-nio-8080-exec-9] c.s.b.exception.GlobalExceptionHandler   : RuntimeException: When allowCredentials is true, allowedOrigins cannot contain the special value "*" since that cannot be set on the "Access-Control-Allow-Origin" response header. To allow credentials to a set of origins, list them explicitly or consider using "allowedOriginPatterns" instead.
2026-06-28T17:39:22.630+05:30 ERROR 22520 --- [smart-legal-backend] [http-nio-8080-exec-4] c.s.b.exception.GlobalExceptionHandler   : RuntimeException: When allowCredentials is true, allowedOrigins cannot contain the special value "*" since that cannot be set on the "Access-Control-Allow-Origin" response header. To allow credentials to a set of origins, list them explicitly or consider using "allowedOriginPatterns" instead.
2026-06-28T17:39:22.680+05:30 DEBUG 22520 --- [smart-legal-backend] [http-nio-8080-exec-7] c.s.b.security.JwtAuthenticationFilter   : JWT authentication successful for user: yashukc@gmail.com
2026-06-28T17:39:22.680+05:30 DEBUG 22520 --- [smart-legal-backend] [http-nio-8080-exec-5] c.s.b.security.JwtAuthenticationFilter   : JWT authentication successful for user: yashukc@gmail.com
2026-06-28T17:39:22.683+05:30 ERROR 22520 --- [smart-legal-backend] [http-nio-8080-exec-7] c.s.b.exception.GlobalExceptionHandler   : RuntimeException: When allowCredentials is true, allowedOrigins cannot contain the special value "*" since that cannot be set on the "Access-Control-Allow-Origin" response header. To allow credentials to a set of origins, list them explicitly or consider using "allowedOriginPatterns" instead.
2026-06-28T17:39:22.684+05:30 ERROR 22520 --- [smart-legal-backend] [http-nio-8080-exec-5] c.s.b.exception.GlobalExceptionHandler   : RuntimeException: When allowCredentials is true, allowedOrigins cannot contain the special value "*" since that cannot be set on the "Access-Control-Allow-Origin" response header. To allow credentials to a set of origins, list them explicitly or consider using "allowedOriginPatterns" instead.
2026-06-28T17:39:22.688+05:30 DEBUG 22520 --- [smart-legal-backend] [http-nio-8080-exec-8] c.s.b.security.JwtAuthenticationFilter   : JWT authentication successful for user: yashukc@gmail.com
2026-06-28T17:39:22.691+05:30 ERROR 22520 --- [smart-legal-backend] [http-nio-8080-exec-8] c.s.b.exception.GlobalExceptionHandler   : RuntimeException: When allowCredentials is true, allowedOrigins cannot contain the special value "*" since that cannot be set on the "Access-Control-Allow-Origin" response header. To allow credentials to a set of origins, list them explicitly or consider using "allowedOriginPatterns" instead.
2026-06-28T17:39:22.738+05:30 DEBUG 22520 --- [smart-legal-backend] [http-nio-8080-exec-10] c.s.b.security.JwtAuthenticationFilter   : JWT authentication successful for user: yashukc@gmail.com
2026-06-28T17:39:50.437+05:30 DEBUG 22520 --- [smart-legal-backend] [http-nio-8080-exec-1] c.s.b.security.JwtAuthenticationFilter   : JWT authentication successful for user: yashukc@gmail.com
2026-06-28T17:39:50.513+05:30  INFO 22520 --- [smart-legal-backend] [http-nio-8080-exec-1] c.s.b.controller.DocumentController      : Upload request received from user: yashukc@gmail.com, file: Sample_Legal_Agreement.pdf
2026-06-28T17:39:50.515+05:30  INFO 22520 --- [smart-legal-backend] [http-nio-8080-exec-1] c.s.backend.service.DocumentService      : Starting document upload and analysis for user: yashukc@gmail.com
2026-06-28T17:39:50.538+05:30  INFO 22520 --- [smart-legal-backend] [http-nio-8080-exec-1] c.s.backend.service.DocumentService      : File saved to disk: uploads\1782648590523_Sample_Legal_Agreement.pdf
2026-06-28T17:39:50.552+05:30  INFO 22520 --- [smart-legal-backend] [http-nio-8080-exec-1] c.s.backend.service.DocumentService      : Document saved with id=20, status=PROCESSING
2026-06-28T17:39:50.553+05:30  INFO 22520 --- [smart-legal-backend] [http-nio-8080-exec-1] c.s.backend.service.DocumentService      : Calling AI microservice at: http://localhost:8000/api/v1/analyze/upload
2026-06-28T17:40:10.447+05:30  INFO 22520 --- [smart-legal-backend] [http-nio-8080-exec-1] c.s.backend.service.DocumentService      : AI microservice responded with status: 200 OK
2026-06-28T17:40:10.449+05:30 DEBUG 22520 --- [smart-legal-backend] [http-nio-8080-exec-1] c.s.backend.service.DocumentService      : AI response body: {filename=1782648590523_Sample_Legal_Agreement.pdf, extracted_text=Sample Rental Agreement

This Rental Agreement is entered into between the Landlord and the Tenant.

1. The Tenant shall pay a monthly rent of Rs. 15,000 before the 5th of every month.
2. The security deposit shall be Rs. 50,000 and is refundable subject to deductions.
3. Either party may terminate this agreement by providing 30 days written notice.

4. The Tenant is responsible for maintaining the property in good condition.

5. Any disputes shall be resolved under the laws of India.

, summary=### Summary of the Rental Agreement

#### **1. Purpose**  
The purpose of this agreement is to establish the terms and conditions for the rental of a property between the Landlord and the Tenant, ensuring clarity on rent, security deposit, maintenance, and termination procedures.

#### **2. Parties Involved**  
- **Landlord**: The owner of the property.  
- **Tenant**: The individual or entity renting the property.

#### **3. Important Clauses**  
- **Rent Payment**: The Tenant must pay a monthly rent of Rs. 15,000 before the 5th of every month.  
- **Security Deposit**: A refundable security deposit of Rs. 50,000 is required, subject to deductions for damages or unpaid dues.  
- **Termination**: Either party may terminate the agreement by providing 30 days’ written notice.  
- **Maintenance**: The Tenant is responsible for maintaining the property in good condition.  
- **Dispute Resolution**: Any disputes will be resolved under the laws of India.

#### **4. Important Dates**  
- **Rent Due Date**: Before the 5th of every month.  
- **Termination Notice Period**: 30 days’ written notice required for termination.

#### **5. Overall Summary**  
This rental agreement outlines the financial obligations, responsibilities, and rights of both the Landlord and the Tenant. It specifies the monthly rent, security deposit, maintenance duties, and termination process. The agreement is governed by Indian law, ensuring a structured and legally binding arrangement for the rental of the property., overall_risk=Medium, clauses=[{clause_type=Payment Terms, clause_text=The Tenant shall pay a monthly rent of Rs. 15,000 before the 5th of every month., risk_level=Low, reason=Clear and specific payment terms with a defined due date.}, {clause_type=Security Deposit, clause_text=The security deposit shall be Rs. 50,000 and is refundable subject to deductions., risk_level=Medium, reason=Deposit refund is subject to deductions, which may lead to disputes if not clearly defined.}, {clause_type=Termination, clause_text=Either party may terminate this agreement by providing 30 days written notice., risk_level=Medium, reason=Allows either party to terminate with notice, providing flexibility but potential instability.}, {clause_type=Maintenance Responsibility, clause_text=The Tenant is responsible for maintaining the property in good condition., risk_level=Medium, reason=Places maintenance burden on the tenant, which may lead to disputes over what constitutes 'good condition'.}, {clause_type=Dispute Resolution, clause_text=Any disputes shall be resolved under the laws of India., risk_level=Low, reason=Clear jurisdiction specified, reducing ambiguity in dispute resolution.}]}
2026-06-28T17:40:10.451+05:30  INFO 22520 --- [smart-legal-backend] [http-nio-8080-exec-1] c.s.backend.service.DocumentService      : AI analysis complete — overall_risk=Medium, summary_length=1506, extracted_text_length=491
2026-06-28T17:40:10.460+05:30  INFO 22520 --- [smart-legal-backend] [http-nio-8080-exec-1] c.s.backend.service.DocumentService      : Processing 5 clauses from AI response
2026-06-28T17:40:10.529+05:30  INFO 22520 --- [smart-legal-backend] [http-nio-8080-exec-1] c.s.backend.service.DocumentService      : RiskReport saved with id=3 for document id=20
2026-06-28T17:40:10.585+05:30  INFO 22520 --- [smart-legal-backend] [http-nio-8080-exec-1] c.s.b.controller.DocumentController      : Document analyzed successfully. id=20, status=ANALYZED
2026-06-28T17:40:10.620+05:30 DEBUG 22520 --- [smart-legal-backend] [http-nio-8080-exec-6] c.s.b.security.JwtAuthenticationFilter   : JWT authentication successful for user: yashukc@gmail.com
2026-06-28T17:40:10.626+05:30 DEBUG 22520 --- [smart-legal-backend] [http-nio-8080-exec-9] c.s.b.security.JwtAuthenticationFilter   : JWT authentication successful for user: yashukc@gmail.com
2026-06-28T17:40:10.634+05:30  INFO 22520 --- [smart-legal-backend] [http-nio-8080-exec-9] c.s.b.controller.DocumentController      : Report requested for document id=20
2026-06-28T17:40:10.635+05:30  INFO 22520 --- [smart-legal-backend] [http-nio-8080-exec-9] c.s.backend.service.DocumentService      : Fetching risk report for document id=20
2026-06-28T17:40:10.686+05:30  INFO 22520 --- [smart-legal-backend] [http-nio-8080-exec-9] c.s.b.controller.DocumentController      : Report found: id=3, clauses=5
2026-06-28T17:40:24.244+05:30 DEBUG 22520 --- [smart-legal-backend] [http-nio-8080-exec-5] c.s.b.security.JwtAuthenticationFilter   : JWT authentication successful for user: yashukc@gmail.com
2026-06-28T17:40:24.246+05:30  INFO 22520 --- [smart-legal-backend] [http-nio-8080-exec-5] c.s.b.controller.DocumentController      : Report requested for document id=20
2026-06-28T17:40:24.246+05:30  INFO 22520 --- [smart-legal-backend] [http-nio-8080-exec-5] c.s.backend.service.DocumentService      : Fetching risk report for document id=20
2026-06-28T17:40:24.263+05:30  INFO 22520 --- [smart-legal-backend] [http-nio-8080-exec-5] c.s.b.controller.DocumentController      : Report found: id=3, clauses=5
2026-06-28T17:40:34.956+05:30 DEBUG 22520 --- [smart-legal-backend] [http-nio-8080-exec-2] c.s.b.security.JwtAuthenticationFilter   : JWT authentication successful for user: yashukc@gmail.com
2026-06-28T17:40:34.958+05:30 ERROR 22520 --- [smart-legal-backend] [http-nio-8080-exec-2] c.s.b.exception.GlobalExceptionHandler   : RuntimeException: When allowCredentials is true, allowedOrigins cannot contain the special value "*" since that cannot be set on the "Access-Control-Allow-Origin" response header. To allow credentials to a set of origins, list them explicitly or consider using "allowedOriginPatterns" instead.
2026-06-28T17:40:34.978+05:30 DEBUG 22520 --- [smart-legal-backend] [http-nio-8080-exec-10] c.s.b.security.JwtAuthenticationFilter   : JWT authentication successful for user: yashukc@gmail.com
2026-06-28T17:40:34.980+05:30 ERROR 22520 --- [smart-legal-backend] [http-nio-8080-exec-10] c.s.b.exception.GlobalExceptionHandler   : RuntimeException: When allowCredentials is true, allowedOrigins cannot contain the special value "*" since that cannot be set on the "Access-Control-Allow-Origin" response header. To allow credentials to a set of origins, list them explicitly or consider using "allowedOriginPatterns" instead.
2026-06-28T17:40:50.082+05:30 DEBUG 22520 --- [smart-legal-backend] [http-nio-8080-exec-1] c.s.b.security.JwtAuthenticationFilter   : JWT authentication successful for user: yashukc@gmail.com
2026-06-28T17:40:50.092+05:30  INFO 22520 --- [smart-legal-backend] [http-nio-8080-exec-1] c.s.b.controller.ChatbotController       : Proxying chatbot request to: http://localhost:8000/api/v1/chatbot/chat
2026-06-28T17:41:00.070+05:30 DEBUG 22520 --- [smart-legal-backend] [http-nio-8080-exec-4] c.s.b.security.JwtAuthenticationFilter   : JWT authentication successful for user: yashukc@gmail.com
2026-06-28T17:41:00.073+05:30  INFO 22520 --- [smart-legal-backend] [http-nio-8080-exec-4] c.s.b.controller.ChatbotController       : Proxying chatbot request to: http://localhost:8000/api/v1/chatbot/chat
2026-06-28T17:41:18.096+05:30 DEBUG 22520 --- [smart-legal-backend] [http-nio-8080-exec-9] c.s.b.security.JwtAuthenticationFilter   : JWT authentication successful for user: yashukc@gmail.com
2026-06-28T17:41:18.096+05:30 DEBUG 22520 --- [smart-legal-backend] [http-nio-8080-exec-6] c.s.b.security.JwtAuthenticationFilter   : JWT authentication successful for user: yashukc@gmail.com
2026-06-28T17:41:18.100+05:30 ERROR 22520 --- [smart-legal-backend] [http-nio-8080-exec-9] c.s.b.exception.GlobalExceptionHandler   : RuntimeException: When allowCredentials is true, allowedOrigins cannot contain the special value "*" since that cannot be set on the "Access-Control-Allow-Origin" response header. To allow credentials to a set of origins, list them explicitly or consider using "allowedOriginPatterns" instead.
2026-06-28T17:41:18.101+05:30 DEBUG 22520 --- [smart-legal-backend] [http-nio-8080-exec-5] c.s.b.security.JwtAuthenticationFilter   : JWT authentication successful for user: yashukc@gmail.com
2026-06-28T17:41:18.102+05:30 DEBUG 22520 --- [smart-legal-backend] [http-nio-8080-exec-8] c.s.b.security.JwtAuthenticationFilter   : JWT authentication successful for user: yashukc@gmail.com
2026-06-28T17:41:18.103+05:30 ERROR 22520 --- [smart-legal-backend] [http-nio-8080-exec-5] c.s.b.exception.GlobalExceptionHandler   : RuntimeException: When allowCredentials is true, allowedOrigins cannot contain the special value "*" since that cannot be set on the "Access-Control-Allow-Origin" response header. To allow credentials to a set of origins, list them explicitly or consider using "allowedOriginPatterns" instead.
2026-06-28T17:41:18.105+05:30 ERROR 22520 --- [smart-legal-backend] [http-nio-8080-exec-8] c.s.b.exception.GlobalExceptionHandler   : RuntimeException: When allowCredentials is true, allowedOrigins cannot contain the special value "*" since that cannot be set on the "Access-Control-Allow-Origin" response header. To allow credentials to a set of origins, list them explicitly or consider using "allowedOriginPatterns" instead.
2026-06-28T17:41:18.134+05:30 DEBUG 22520 --- [smart-legal-backend] [http-nio-8080-exec-7] c.s.b.security.JwtAuthenticationFilter   : JWT authentication successful for user: yashukc@gmail.com
2026-06-28T17:41:18.136+05:30 ERROR 22520 --- [smart-legal-backend] [http-nio-8080-exec-7] c.s.b.exception.GlobalExceptionHandler   : RuntimeException: When allowCredentials is true, allowedOrigins cannot contain the special value "*" since that cannot be set on the "Access-Control-Allow-Origin" response header. To allow credentials to a set of origins, list them explicitly or consider using "allowedOriginPatterns" instead.
2026-06-28T17:41:18.136+05:30 DEBUG 22520 --- [smart-legal-backend] [http-nio-8080-exec-2] c.s.b.security.JwtAuthenticationFilter   : JWT authentication successful for user: yashukc@gmail.com
2026-06-28T17:41:18.136+05:30 DEBUG 22520 --- [smart-legal-backend] [http-nio-8080-exec-10] c.s.b.security.JwtAuthenticationFilter   : JWT authentication successful for user: yashukc@gmail.com
2026-06-28T17:41:18.139+05:30 ERROR 22520 --- [smart-legal-backend] [http-nio-8080-exec-10] c.s.b.exception.GlobalExceptionHandler   : RuntimeException: When allowCredentials is true, allowedOrigins cannot contain the special value "*" since that cannot be set on the "Access-Control-Allow-Origin" response header. To allow credentials to a set of origins, list them explicitly or consider using "allowedOriginPatterns" instead.
2026-06-28T17:41:18.139+05:30 ERROR 22520 --- [smart-legal-backend] [http-nio-8080-exec-2] c.s.b.exception.GlobalExceptionHandler   : RuntimeException: When allowCredentials is true, allowedOrigins cannot contain the special value "*" since that cannot be set on the "Access-Control-Allow-Origin" response header. To allow credentials to a set of origins, list them explicitly or consider using "allowedOriginPatterns" instead.
2026-06-28T17:41:18.147+05:30 DEBUG 22520 --- [smart-legal-backend] [http-nio-8080-exec-3] c.s.b.security.JwtAuthenticationFilter   : JWT authentication successful for user: yashukc@gmail.com
2026-06-28T17:41:27.508+05:30 DEBUG 22520 --- [smart-legal-backend] [http-nio-8080-exec-1] c.s.b.security.JwtAuthenticationFilter   : JWT authentication successful for user: yashukc@gmail.com
2026-06-28T17:41:27.511+05:30 ERROR 22520 --- [smart-legal-backend] [http-nio-8080-exec-1] c.s.b.exception.GlobalExceptionHandler   : RuntimeException: When allowCredentials is true, allowedOrigins cannot contain the special value "*" since that cannot be set on the "Access-Control-Allow-Origin" response header. To allow credentials to a set of origins, list them explicitly or consider using "allowedOriginPatterns" instead.
2026-06-28T17:41:27.531+05:30 DEBUG 22520 --- [smart-legal-backend] [http-nio-8080-exec-4] c.s.b.security.JwtAuthenticationFilter   : JWT authentication successful for user: yashukc@gmail.com
2026-06-28T17:41:27.533+05:30 ERROR 22520 --- [smart-legal-backend] [http-nio-8080-exec-4] c.s.b.exception.GlobalExceptionHandler   : RuntimeException: When allowCredentials is true, allowedOrigins cannot contain the special value "*" since that cannot be set on the "Access-Control-Allow-Origin" response header. To allow credentials to a set of origins, list them explicitly or consider using "allowedOriginPatterns" instead.
2026-06-28T17:41:31.394+05:30 DEBUG 22520 --- [smart-legal-backend] [http-nio-8080-exec-9] c.s.b.security.JwtAuthenticationFilter   : JWT authentication successful for user: yashukc@gmail.com
2026-06-28T17:41:31.394+05:30 DEBUG 22520 --- [smart-legal-backend] [http-nio-8080-exec-5] c.s.b.security.JwtAuthenticationFilter   : JWT authentication successful for user: yashukc@gmail.com
2026-06-28T17:41:31.396+05:30 DEBUG 22520 --- [smart-legal-backend] [http-nio-8080-exec-6] c.s.b.security.JwtAuthenticationFilter   : JWT authentication successful for user: yashukc@gmail.com
2026-06-28T17:41:31.396+05:30 DEBUG 22520 --- [smart-legal-backend] [http-nio-8080-exec-8] c.s.b.security.JwtAuthenticationFilter   : JWT authentication successful for user: yashukc@gmail.com
2026-06-28T17:41:31.396+05:30 ERROR 22520 --- [smart-legal-backend] [http-nio-8080-exec-5] c.s.b.exception.GlobalExceptionHandler   : RuntimeException: When allowCredentials is true, allowedOrigins cannot contain the special value "*" since that cannot be set on the "Access-Control-Allow-Origin" response header. To allow credentials to a set of origins, list them explicitly or consider using "allowedOriginPatterns" instead.
2026-06-28T17:41:31.397+05:30 ERROR 22520 --- [smart-legal-backend] [http-nio-8080-exec-8] c.s.b.exception.GlobalExceptionHandler   : RuntimeException: When allowCredentials is true, allowedOrigins cannot contain the special value "*" since that cannot be set on the "Access-Control-Allow-Origin" response header. To allow credentials to a set of origins, list them explicitly or consider using "allowedOriginPatterns" instead.
2026-06-28T17:41:31.397+05:30 ERROR 22520 --- [smart-legal-backend] [http-nio-8080-exec-6] c.s.b.exception.GlobalExceptionHandler   : RuntimeException: When allowCredentials is true, allowedOrigins cannot contain the special value "*" since that cannot be set on the "Access-Control-Allow-Origin" response header. To allow credentials to a set of origins, list them explicitly or consider using "allowedOriginPatterns" instead.
2026-06-28T17:41:31.425+05:30 DEBUG 22520 --- [smart-legal-backend] [http-nio-8080-exec-2] c.s.b.security.JwtAuthenticationFilter   : JWT authentication successful for user: yashukc@gmail.com
2026-06-28T17:41:31.425+05:30 DEBUG 22520 --- [smart-legal-backend] [http-nio-8080-exec-10] c.s.b.security.JwtAuthenticationFilter   : JWT authentication successful for user: yashukc@gmail.com
2026-06-28T17:41:31.425+05:30 DEBUG 22520 --- [smart-legal-backend] [http-nio-8080-exec-7] c.s.b.security.JwtAuthenticationFilter   : JWT authentication successful for user: yashukc@gmail.com
2026-06-28T17:41:31.428+05:30 ERROR 22520 --- [smart-legal-backend] [http-nio-8080-exec-10] c.s.b.exception.GlobalExceptionHandler   : RuntimeException: When allowCredentials is true, allowedOrigins cannot contain the special value "*" since that cannot be set on the "Access-Control-Allow-Origin" response header. To allow credentials to a set of origins, list them explicitly or consider using "allowedOriginPatterns" instead.
2026-06-28T17:41:31.428+05:30 ERROR 22520 --- [smart-legal-backend] [http-nio-8080-exec-2] c.s.b.exception.GlobalExceptionHandler   : RuntimeException: When allowCredentials is true, allowedOrigins cannot contain the special value "*" since that cannot be set on the "Access-Control-Allow-Origin" response header. To allow credentials to a set of origins, list them explicitly or consider using "allowedOriginPatterns" instead.
2026-06-28T17:41:31.428+05:30 ERROR 22520 --- [smart-legal-backend] [http-nio-8080-exec-7] c.s.b.exception.GlobalExceptionHandler   : RuntimeException: When allowCredentials is true, allowedOrigins cannot contain the special value "*" since that cannot be set on the "Access-Control-Allow-Origin" response header. To allow credentials to a set of origins, list them explicitly or consider using "allowedOriginPatterns" instead.
2026-06-28T17:41:31.436+05:30 DEBUG 22520 --- [smart-legal-backend] [http-nio-8080-exec-3] c.s.b.security.JwtAuthenticationFilter   : JWT authentication successful for user: yashukc@gmail.com
2026-06-28T17:41:34.046+05:30 DEBUG 22520 --- [smart-legal-backend] [http-nio-8080-exec-1] c.s.b.security.JwtAuthenticationFilter   : JWT authentication successful for user: yashukc@gmail.com
2026-06-28T17:41:34.048+05:30 ERROR 22520 --- [smart-legal-backend] [http-nio-8080-exec-1] c.s.b.exception.GlobalExceptionHandler   : RuntimeException: When allowCredentials is true, allowedOrigins cannot contain the special value "*" since that cannot be set on the "Access-Control-Allow-Origin" response header. To allow credentials to a set of origins, list them explicitly or consider using "allowedOriginPatterns" instead.
2026-06-28T17:41:34.063+05:30 DEBUG 22520 --- [smart-legal-backend] [http-nio-8080-exec-4] c.s.b.security.JwtAuthenticationFilter   : JWT authentication successful for user: yashukc@gmail.com
2026-06-28T17:41:34.065+05:30 ERROR 22520 --- [smart-legal-backend] [http-nio-8080-exec-4] c.s.b.exception.GlobalExceptionHandler   : RuntimeException: When allowCredentials is true, allowedOrigins cannot contain the special value "*" since that cannot be set on the "Access-Control-Allow-Origin" response header. To allow credentials to a set of origins, list them explicitly or consider using "allowedOriginPatterns" instead.
2026-06-28T17:41:40.270+05:30 DEBUG 22520 --- [smart-legal-backend] [http-nio-8080-exec-9] c.s.b.security.JwtAuthenticationFilter   : JWT authentication successful for user: yashukc@gmail.com
2026-06-28T17:41:40.270+05:30 DEBUG 22520 --- [smart-legal-backend] [http-nio-8080-exec-8] c.s.b.security.JwtAuthenticationFilter   : JWT authentication successful for user: yashukc@gmail.com
2026-06-28T17:41:40.270+05:30 DEBUG 22520 --- [smart-legal-backend] [http-nio-8080-exec-6] c.s.b.security.JwtAuthenticationFilter   : JWT authentication successful for user: yashukc@gmail.com
2026-06-28T17:41:40.270+05:30 DEBUG 22520 --- [smart-legal-backend] [http-nio-8080-exec-5] c.s.b.security.JwtAuthenticationFilter   : JWT authentication successful for user: yashukc@gmail.com
2026-06-28T17:41:40.271+05:30 ERROR 22520 --- [smart-legal-backend] [http-nio-8080-exec-5] c.s.b.exception.GlobalExceptionHandler   : RuntimeException: When allowCredentials is true, allowedOrigins cannot contain the special value "*" since that cannot be set on the "Access-Control-Allow-Origin" response header. To allow credentials to a set of origins, list them explicitly or consider using "allowedOriginPatterns" instead.
2026-06-28T17:41:40.271+05:30 ERROR 22520 --- [smart-legal-backend] [http-nio-8080-exec-6] c.s.b.exception.GlobalExceptionHandler   : RuntimeException: When allowCredentials is true, allowedOrigins cannot contain the special value "*" since that cannot be set on the "Access-Control-Allow-Origin" response header. To allow credentials to a set of origins, list them explicitly or consider using "allowedOriginPatterns" instead.
2026-06-28T17:41:40.272+05:30 ERROR 22520 --- [smart-legal-backend] [http-nio-8080-exec-9] c.s.b.exception.GlobalExceptionHandler   : RuntimeException: When allowCredentials is true, allowedOrigins cannot contain the special value "*" since that cannot be set on the "Access-Control-Allow-Origin" response header. To allow credentials to a set of origins, list them explicitly or consider using "allowedOriginPatterns" instead.
2026-06-28T17:41:40.297+05:30 DEBUG 22520 --- [smart-legal-backend] [http-nio-8080-exec-10] c.s.b.security.JwtAuthenticationFilter   : JWT authentication successful for user: yashukc@gmail.com
2026-06-28T17:41:40.297+05:30 DEBUG 22520 --- [smart-legal-backend] [http-nio-8080-exec-7] c.s.b.security.JwtAuthenticationFilter   : JWT authentication successful for user: yashukc@gmail.com
2026-06-28T17:41:40.299+05:30 ERROR 22520 --- [smart-legal-backend] [http-nio-8080-exec-7] c.s.b.exception.GlobalExceptionHandler   : RuntimeException: When allowCredentials is true, allowedOrigins cannot contain the special value "*" since that cannot be set on the "Access-Control-Allow-Origin" response header. To allow credentials to a set of origins, list them explicitly or consider using "allowedOriginPatterns" instead.
2026-06-28T17:41:40.299+05:30 ERROR 22520 --- [smart-legal-backend] [http-nio-8080-exec-10] c.s.b.exception.GlobalExceptionHandler   : RuntimeException: When allowCredentials is true, allowedOrigins cannot contain the special value "*" since that cannot be set on the "Access-Control-Allow-Origin" response header. To allow credentials to a set of origins, list them explicitly or consider using "allowedOriginPatterns" instead.
2026-06-28T17:41:40.299+05:30 DEBUG 22520 --- [smart-legal-backend] [http-nio-8080-exec-2] c.s.b.security.JwtAuthenticationFilter   : JWT authentication successful for user: yashukc@gmail.com
2026-06-28T17:41:40.300+05:30 ERROR 22520 --- [smart-legal-backend] [http-nio-8080-exec-2] c.s.b.exception.GlobalExceptionHandler   : RuntimeException: When allowCredentials is true, allowedOrigins cannot contain the special value "*" since that cannot be set on the "Access-Control-Allow-Origin" response header. To allow credentials to a set of origins, list them explicitly or consider using "allowedOriginPatterns" instead.
2026-06-28T17:41:40.313+05:30 DEBUG 22520 --- [smart-legal-backend] [http-nio-8080-exec-3] c.s.b.security.JwtAuthenticationFilter   : JWT authentication successful for user: yashukc@gmail.com
2026-06-28T17:41:50.034+05:30 DEBUG 22520 --- [smart-legal-backend] [http-nio-8080-exec-4] c.s.b.security.JwtAuthenticationFilter   : JWT authentication successful for user: yashukc@gmail.com
2026-06-28T17:41:50.034+05:30 DEBUG 22520 --- [smart-legal-backend] [http-nio-8080-exec-1] c.s.b.security.JwtAuthenticationFilter   : JWT authentication successful for user: yashukc@gmail.com
2026-06-28T17:41:50.039+05:30 ERROR 22520 --- [smart-legal-backend] [http-nio-8080-exec-4] c.s.b.exception.GlobalExceptionHandler   : RuntimeException: When allowCredentials is true, allowedOrigins cannot contain the special value "*" since that cannot be set on the "Access-Control-Allow-Origin" response header. To allow credentials to a set of origins, list them explicitly or consider using "allowedOriginPatterns" instead.
2026-06-28T17:41:50.040+05:30 DEBUG 22520 --- [smart-legal-backend] [http-nio-8080-exec-5] c.s.b.security.JwtAuthenticationFilter   : JWT authentication successful for user: yashukc@gmail.com
2026-06-28T17:41:50.041+05:30 DEBUG 22520 --- [smart-legal-backend] [http-nio-8080-exec-6] c.s.b.security.JwtAuthenticationFilter   : JWT authentication successful for user: yashukc@gmail.com
2026-06-28T17:41:50.044+05:30 ERROR 22520 --- [smart-legal-backend] [http-nio-8080-exec-5] c.s.b.exception.GlobalExceptionHandler   : RuntimeException: When allowCredentials is true, allowedOrigins cannot contain the special value "*" since that cannot be set on the "Access-Control-Allow-Origin" response header. To allow credentials to a set of origins, list them explicitly or consider using "allowedOriginPatterns" instead.
2026-06-28T17:41:50.045+05:30 ERROR 22520 --- [smart-legal-backend] [http-nio-8080-exec-6] c.s.b.exception.GlobalExceptionHandler   : RuntimeException: When allowCredentials is true, allowedOrigins cannot contain the special value "*" since that cannot be set on the "Access-Control-Allow-Origin" response header. To allow credentials to a set of origins, list them explicitly or consider using "allowedOriginPatterns" instead.
2026-06-28T17:41:50.066+05:30 DEBUG 22520 --- [smart-legal-backend] [http-nio-8080-exec-9] c.s.b.security.JwtAuthenticationFilter   : JWT authentication successful for user: yashukc@gmail.com
2026-06-28T17:41:50.069+05:30 ERROR 22520 --- [smart-legal-backend] [http-nio-8080-exec-9] c.s.b.exception.GlobalExceptionHandler   : RuntimeException: When allowCredentials is true, allowedOrigins cannot contain the special value "*" since that cannot be set on the "Access-Control-Allow-Origin" response header. To allow credentials to a set of origins, list them explicitly or consider using "allowedOriginPatterns" instead.
2026-06-28T17:41:50.073+05:30 DEBUG 22520 --- [smart-legal-backend] [http-nio-8080-exec-8] c.s.b.security.JwtAuthenticationFilter   : JWT authentication successful for user: yashukc@gmail.com
2026-06-28T17:41:50.075+05:30 ERROR 22520 --- [smart-legal-backend] [http-nio-8080-exec-8] c.s.b.exception.GlobalExceptionHandler   : RuntimeException: When allowCredentials is true, allowedOrigins cannot contain the special value "*" since that cannot be set on the "Access-Control-Allow-Origin" response header. To allow credentials to a set of origins, list them explicitly or consider using "allowedOriginPatterns" instead.
2026-06-28T17:41:50.076+05:30 DEBUG 22520 --- [smart-legal-backend] [http-nio-8080-exec-10] c.s.b.security.JwtAuthenticationFilter   : JWT authentication successful for user: yashukc@gmail.com
2026-06-28T17:41:50.080+05:30 DEBUG 22520 --- [smart-legal-backend] [http-nio-8080-exec-7] c.s.b.security.JwtAuthenticationFilter   : JWT authentication successful for user: yashukc@gmail.com
2026-06-28T17:41:50.082+05:30 ERROR 22520 --- [smart-legal-backend] [http-nio-8080-exec-7] c.s.b.exception.GlobalExceptionHandler   : RuntimeException: When allowCredentials is true, allowedOrigins cannot contain the special value "*" since that cannot be set on the "Access-Control-Allow-Origin" response header. To allow credentials to a set of origins, list them explicitly or consider using "allowedOriginPatterns" instead.
2026-06-28T17:41:56.824+05:30 DEBUG 22520 --- [smart-legal-backend] [http-nio-8080-exec-2] c.s.b.security.JwtAuthenticationFilter   : JWT authentication successful for user: yashukc@gmail.com
2026-06-28T17:41:56.826+05:30 ERROR 22520 --- [smart-legal-backend] [http-nio-8080-exec-2] c.s.b.exception.GlobalExceptionHandler   : RuntimeException: When allowCredentials is true, allowedOrigins cannot contain the special value "*" since that cannot be set on the "Access-Control-Allow-Origin" response header. To allow credentials to a set of origins, list them explicitly or consider using "allowedOriginPatterns" instead.
2026-06-28T17:41:56.842+05:30 DEBUG 22520 --- [smart-legal-backend] [http-nio-8080-exec-3] c.s.b.security.JwtAuthenticationFilter   : JWT authentication successful for user: yashukc@gmail.com
2026-06-28T17:41:56.844+05:30 ERROR 22520 --- [smart-legal-backend] [http-nio-8080-exec-3] c.s.b.exception.GlobalExceptionHandler   : RuntimeException: When allowCredentials is true, allowedOrigins cannot contain the special value "*" since that cannot be set on the "Access-Control-Allow-Origin" response header. To allow credentials to a set of origins, list them explicitly or consider using "allowedOriginPatterns" instead.
2026-06-28T17:42:07.291+05:30 DEBUG 22520 --- [smart-legal-backend] [http-nio-8080-exec-5] c.s.b.security.JwtAuthenticationFilter   : JWT authentication successful for user: yashukc@gmail.com
2026-06-28T17:42:07.291+05:30 DEBUG 22520 --- [smart-legal-backend] [http-nio-8080-exec-4] c.s.b.security.JwtAuthenticationFilter   : JWT authentication successful for user: yashukc@gmail.com
2026-06-28T17:42:07.291+05:30 DEBUG 22520 --- [smart-legal-backend] [http-nio-8080-exec-6] c.s.b.security.JwtAuthenticationFilter   : JWT authentication successful for user: yashukc@gmail.com
2026-06-28T17:42:07.293+05:30 ERROR 22520 --- [smart-legal-backend] [http-nio-8080-exec-5] c.s.b.exception.GlobalExceptionHandler   : RuntimeException: When allowCredentials is true, allowedOrigins cannot contain the special value "*" since that cannot be set on the "Access-Control-Allow-Origin" response header. To allow credentials to a set of origins, list them explicitly or consider using "allowedOriginPatterns" instead.
2026-06-28T17:42:07.293+05:30 ERROR 22520 --- [smart-legal-backend] [http-nio-8080-exec-6] c.s.b.exception.GlobalExceptionHandler   : RuntimeException: When allowCredentials is true, allowedOrigins cannot contain the special value "*" since that cannot be set on the "Access-Control-Allow-Origin" response header. To allow credentials to a set of origins, list them explicitly or consider using "allowedOriginPatterns" instead.
2026-06-28T17:42:07.296+05:30 DEBUG 22520 --- [smart-legal-backend] [http-nio-8080-exec-1] c.s.b.security.JwtAuthenticationFilter   : JWT authentication successful for user: yashukc@gmail.com
2026-06-28T17:42:07.299+05:30 ERROR 22520 --- [smart-legal-backend] [http-nio-8080-exec-1] c.s.b.exception.GlobalExceptionHandler   : RuntimeException: When allowCredentials is true, allowedOrigins cannot contain the special value "*" since that cannot be set on the "Access-Control-Allow-Origin" response header. To allow credentials to a set of origins, list them explicitly or consider using "allowedOriginPatterns" instead.
2026-06-28T17:42:07.338+05:30 DEBUG 22520 --- [smart-legal-backend] [http-nio-8080-exec-7] c.s.b.security.JwtAuthenticationFilter   : JWT authentication successful for user: yashukc@gmail.com
2026-06-28T17:42:07.338+05:30 DEBUG 22520 --- [smart-legal-backend] [http-nio-8080-exec-8] c.s.b.security.JwtAuthenticationFilter   : JWT authentication successful for user: yashukc@gmail.com
2026-06-28T17:42:07.342+05:30 ERROR 22520 --- [smart-legal-backend] [http-nio-8080-exec-8] c.s.b.exception.GlobalExceptionHandler   : RuntimeException: When allowCredentials is true, allowedOrigins cannot contain the special value "*" since that cannot be set on the "Access-Control-Allow-Origin" response header. To allow credentials to a set of origins, list them explicitly or consider using "allowedOriginPatterns" instead.
2026-06-28T17:42:07.342+05:30 ERROR 22520 --- [smart-legal-backend] [http-nio-8080-exec-7] c.s.b.exception.GlobalExceptionHandler   : RuntimeException: When allowCredentials is true, allowedOrigins cannot contain the special value "*" since that cannot be set on the "Access-Control-Allow-Origin" response header. To allow credentials to a set of origins, list them explicitly or consider using "allowedOriginPatterns" instead.
2026-06-28T17:42:07.353+05:30 DEBUG 22520 --- [smart-legal-backend] [http-nio-8080-exec-9] c.s.b.security.JwtAuthenticationFilter   : JWT authentication successful for user: yashukc@gmail.com
2026-06-28T17:42:07.358+05:30 ERROR 22520 --- [smart-legal-backend] [http-nio-8080-exec-9] c.s.b.exception.GlobalExceptionHandler   : RuntimeException: When allowCredentials is true, allowedOrigins cannot contain the special value "*" since that cannot be set on the "Access-Control-Allow-Origin" response header. To allow credentials to a set of origins, list them explicitly or consider using "allowedOriginPatterns" instead.
2026-06-28T17:42:07.378+05:30 DEBUG 22520 --- [smart-legal-backend] [http-nio-8080-exec-10] c.s.b.security.JwtAuthenticationFilter   : JWT authentication successful for user: yashukc@gmail.com
2026-06-28T17:45:03.376+05:30 DEBUG 22520 --- [smart-legal-backend] [http-nio-8080-exec-6] c.s.b.security.JwtAuthenticationFilter   : JWT authentication successful for user: yashukc@gmail.com
2026-06-28T17:45:03.379+05:30 ERROR 22520 --- [smart-legal-backend] [http-nio-8080-exec-6] c.s.b.exception.GlobalExceptionHandler   : RuntimeException: When allowCredentials is true, allowedOrigins cannot contain the special value "*" since that cannot be set on the "Access-Control-Allow-Origin" response header. To allow credentials to a set of origins, list them explicitly or consider using "allowedOriginPatterns" instead.
2026-06-28T17:45:03.407+05:30 DEBUG 22520 --- [smart-legal-backend] [http-nio-8080-exec-5] c.s.b.security.JwtAuthenticationFilter   : JWT authentication successful for user: yashukc@gmail.com
2026-06-28T17:45:03.409+05:30 ERROR 22520 --- [smart-legal-backend] [http-nio-8080-exec-5] c.s.b.exception.GlobalExceptionHandler   : RuntimeException: When allowCredentials is true, allowedOrigins cannot contain the special value "*" since that cannot be set on the "Access-Control-Allow-Origin" response header. To allow credentials to a set of origins, list them explicitly or consider using "allowedOriginPatterns" instead.
2026-06-28T17:45:10.008+05:30 DEBUG 22520 --- [smart-legal-backend] [http-nio-8080-exec-4] c.s.b.security.JwtAuthenticationFilter   : JWT authentication successful for user: yashukc@gmail.com
2026-06-28T17:45:10.008+05:30 DEBUG 22520 --- [smart-legal-backend] [http-nio-8080-exec-7] c.s.b.security.JwtAuthenticationFilter   : JWT authentication successful for user: yashukc@gmail.com
2026-06-28T17:45:10.009+05:30 DEBUG 22520 --- [smart-legal-backend] [http-nio-8080-exec-8] c.s.b.security.JwtAuthenticationFilter   : JWT authentication successful for user: yashukc@gmail.com
2026-06-28T17:45:10.010+05:30 ERROR 22520 --- [smart-legal-backend] [http-nio-8080-exec-4] c.s.b.exception.GlobalExceptionHandler   : RuntimeException: When allowCredentials is true, allowedOrigins cannot contain the special value "*" since that cannot be set on the "Access-Control-Allow-Origin" response header. To allow credentials to a set of origins, list them explicitly or consider using "allowedOriginPatterns" instead.
2026-06-28T17:45:10.010+05:30 ERROR 22520 --- [smart-legal-backend] [http-nio-8080-exec-7] c.s.b.exception.GlobalExceptionHandler   : RuntimeException: When allowCredentials is true, allowedOrigins cannot contain the special value "*" since that cannot be set on the "Access-Control-Allow-Origin" response header. To allow credentials to a set of origins, list them explicitly or consider using "allowedOriginPatterns" instead.
2026-06-28T17:45:10.011+05:30 ERROR 22520 --- [smart-legal-backend] [http-nio-8080-exec-8] c.s.b.exception.GlobalExceptionHandler   : RuntimeException: When allowCredentials is true, allowedOrigins cannot contain the special value "*" since that cannot be set on the "Access-Control-Allow-Origin" response header. To allow credentials to a set of origins, list them explicitly or consider using "allowedOriginPatterns" instead.
2026-06-28T17:45:10.012+05:30 DEBUG 22520 --- [smart-legal-backend] [http-nio-8080-exec-1] c.s.b.security.JwtAuthenticationFilter   : JWT authentication successful for user: yashukc@gmail.com
2026-06-28T17:45:10.036+05:30 DEBUG 22520 --- [smart-legal-backend] [http-nio-8080-exec-10] c.s.b.security.JwtAuthenticationFilter   : JWT authentication successful for user: yashukc@gmail.com
2026-06-28T17:45:10.036+05:30 DEBUG 22520 --- [smart-legal-backend] [http-nio-8080-exec-9] c.s.b.security.JwtAuthenticationFilter   : JWT authentication successful for user: yashukc@gmail.com
2026-06-28T17:45:10.038+05:30 ERROR 22520 --- [smart-legal-backend] [http-nio-8080-exec-10] c.s.b.exception.GlobalExceptionHandler   : RuntimeException: When allowCredentials is true, allowedOrigins cannot contain the special value "*" since that cannot be set on the "Access-Control-Allow-Origin" response header. To allow credentials to a set of origins, list them explicitly or consider using "allowedOriginPatterns" instead.
2026-06-28T17:45:10.038+05:30 ERROR 22520 --- [smart-legal-backend] [http-nio-8080-exec-9] c.s.b.exception.GlobalExceptionHandler   : RuntimeException: When allowCredentials is true, allowedOrigins cannot contain the special value "*" since that cannot be set on the "Access-Control-Allow-Origin" response header. To allow credentials to a set of origins, list them explicitly or consider using "allowedOriginPatterns" instead.
2026-06-28T17:45:10.039+05:30 DEBUG 22520 --- [smart-legal-backend] [http-nio-8080-exec-3] c.s.b.security.JwtAuthenticationFilter   : JWT authentication successful for user: yashukc@gmail.com
2026-06-28T17:45:10.041+05:30 ERROR 22520 --- [smart-legal-backend] [http-nio-8080-exec-3] c.s.b.exception.GlobalExceptionHandler   : RuntimeException: When allowCredentials is true, allowedOrigins cannot contain the special value "*" since that cannot be set on the "Access-Control-Allow-Origin" response header. To allow credentials to a set of origins, list them explicitly or consider using "allowedOriginPatterns" instead.
2026-06-28T17:45:10.058+05:30 DEBUG 22520 --- [smart-legal-backend] [http-nio-8080-exec-2] c.s.b.security.JwtAuthenticationFilter   : JWT authentication successful for user: yashukc@gmail.com
2026-06-28T17:53:12.264+05:30 DEBUG 22520 --- [smart-legal-backend] [http-nio-8080-exec-8] c.s.b.security.JwtAuthenticationFilter   : JWT authentication successful for user: yashukc@gmail.com
2026-06-28T17:53:12.339+05:30  INFO 22520 --- [smart-legal-backend] [http-nio-8080-exec-8] c.s.b.controller.ChatbotController       : Proxying chatbot request to: http://localhost:8000/api/v1/chatbot/chat
2026-06-28T17:54:08.901+05:30 DEBUG 22520 --- [smart-legal-backend] [http-nio-8080-exec-7] c.s.b.security.JwtAuthenticationFilter   : JWT authentication successful for user: yashukc@gmail.com
2026-06-28T17:54:08.913+05:30 ERROR 22520 --- [smart-legal-backend] [http-nio-8080-exec-7] c.s.b.exception.GlobalExceptionHandler   : RuntimeException: When allowCredentials is true, allowedOrigins cannot contain the special value "*" since that cannot be set on the "Access-Control-Allow-Origin" response header. To allow credentials to a set of origins, list them explicitly or consider using "allowedOriginPatterns" instead.
2026-06-28T17:54:09.017+05:30 DEBUG 22520 --- [smart-legal-backend] [http-nio-8080-exec-4] c.s.b.security.JwtAuthenticationFilter   : JWT authentication successful for user: yashukc@gmail.com
2026-06-28T17:54:09.020+05:30 ERROR 22520 --- [smart-legal-backend] [http-nio-8080-exec-4] c.s.b.exception.GlobalExceptionHandler   : RuntimeException: When allowCredentials is true, allowedOrigins cannot contain the special value "*" since that cannot be set on the "Access-Control-Allow-Origin" response header. To allow credentials to a set of origins, list them explicitly or consider using "allowedOriginPatterns" instead.
2026-06-28T17:54:15.769+05:30 DEBUG 22520 --- [smart-legal-backend] [http-nio-8080-exec-10] c.s.b.security.JwtAuthenticationFilter   : JWT authentication successful for user: yashukc@gmail.com
2026-06-28T17:54:15.771+05:30 DEBUG 22520 --- [smart-legal-backend] [http-nio-8080-exec-3] c.s.b.security.JwtAuthenticationFilter   : JWT authentication successful for user: yashukc@gmail.com
2026-06-28T17:54:15.773+05:30 ERROR 22520 --- [smart-legal-backend] [http-nio-8080-exec-3] c.s.b.exception.GlobalExceptionHandler   : RuntimeException: When allowCredentials is true, allowedOrigins cannot contain the special value "*" since that cannot be set on the "Access-Control-Allow-Origin" response header. To allow credentials to a set of origins, list them explicitly or consider using "allowedOriginPatterns" instead.
2026-06-28T17:54:15.773+05:30 ERROR 22520 --- [smart-legal-backend] [http-nio-8080-exec-10] c.s.b.exception.GlobalExceptionHandler   : RuntimeException: When allowCredentials is true, allowedOrigins cannot contain the special value "*" since that cannot be set on the "Access-Control-Allow-Origin" response header. To allow credentials to a set of origins, list them explicitly or consider using "allowedOriginPatterns" instead.
2026-06-28T17:54:15.775+05:30 DEBUG 22520 --- [smart-legal-backend] [http-nio-8080-exec-9] c.s.b.security.JwtAuthenticationFilter   : JWT authentication successful for user: yashukc@gmail.com
2026-06-28T17:54:15.777+05:30 ERROR 22520 --- [smart-legal-backend] [http-nio-8080-exec-9] c.s.b.exception.GlobalExceptionHandler   : RuntimeException: When allowCredentials is true, allowedOrigins cannot contain the special value "*" since that cannot be set on the "Access-Control-Allow-Origin" response header. To allow credentials to a set of origins, list them explicitly or consider using "allowedOriginPatterns" instead.
2026-06-28T17:54:15.778+05:30 DEBUG 22520 --- [smart-legal-backend] [http-nio-8080-exec-1] c.s.b.security.JwtAuthenticationFilter   : JWT authentication successful for user: yashukc@gmail.com
2026-06-28T17:54:15.804+05:30 DEBUG 22520 --- [smart-legal-backend] [http-nio-8080-exec-6] c.s.b.security.JwtAuthenticationFilter   : JWT authentication successful for user: yashukc@gmail.com
2026-06-28T17:54:15.805+05:30 DEBUG 22520 --- [smart-legal-backend] [http-nio-8080-exec-2] c.s.b.security.JwtAuthenticationFilter   : JWT authentication successful for user: yashukc@gmail.com
2026-06-28T17:54:15.806+05:30 ERROR 22520 --- [smart-legal-backend] [http-nio-8080-exec-6] c.s.b.exception.GlobalExceptionHandler   : RuntimeException: When allowCredentials is true, allowedOrigins cannot contain the special value "*" since that cannot be set on the "Access-Control-Allow-Origin" response header. To allow credentials to a set of origins, list them explicitly or consider using "allowedOriginPatterns" instead.
2026-06-28T17:54:15.812+05:30 DEBUG 22520 --- [smart-legal-backend] [http-nio-8080-exec-5] c.s.b.security.JwtAuthenticationFilter   : JWT authentication successful for user: yashukc@gmail.com
2026-06-28T17:54:15.814+05:30 ERROR 22520 --- [smart-legal-backend] [http-nio-8080-exec-5] c.s.b.exception.GlobalExceptionHandler   : RuntimeException: When allowCredentials is true, allowedOrigins cannot contain the special value "*" since that cannot be set on the "Access-Control-Allow-Origin" response header. To allow credentials to a set of origins, list them explicitly or consider using "allowedOriginPatterns" instead.
2026-06-28T17:54:15.815+05:30 ERROR 22520 --- [smart-legal-backend] [http-nio-8080-exec-2] c.s.b.exception.GlobalExceptionHandler   : RuntimeException: When allowCredentials is true, allowedOrigins cannot contain the special value "*" since that cannot be set on the "Access-Control-Allow-Origin" response header. To allow credentials to a set of origins, list them explicitly or consider using "allowedOriginPatterns" instead.
2026-06-28T17:54:15.875+05:30 DEBUG 22520 --- [smart-legal-backend] [http-nio-8080-exec-8] c.s.b.security.JwtAuthenticationFilter   : JWT authentication successful for user: yashukc@gmail.com
2026-06-28T17:54:38.453+05:30 DEBUG 22520 --- [smart-legal-backend] [http-nio-8080-exec-3] c.s.b.security.JwtAuthenticationFilter   : JWT authentication successful for user: yashukc@gmail.com
2026-06-28T17:54:38.453+05:30 DEBUG 22520 --- [smart-legal-backend] [http-nio-8080-exec-10] c.s.b.security.JwtAuthenticationFilter   : JWT authentication successful for user: yashukc@gmail.com
2026-06-28T17:54:38.454+05:30 DEBUG 22520 --- [smart-legal-backend] [http-nio-8080-exec-4] c.s.b.security.JwtAuthenticationFilter   : JWT authentication successful for user: yashukc@gmail.com
2026-06-28T17:54:38.455+05:30 DEBUG 22520 --- [smart-legal-backend] [http-nio-8080-exec-7] c.s.b.security.JwtAuthenticationFilter   : JWT authentication successful for user: yashukc@gmail.com
2026-06-28T17:54:38.456+05:30 ERROR 22520 --- [smart-legal-backend] [http-nio-8080-exec-10] c.s.b.exception.GlobalExceptionHandler   : RuntimeException: When allowCredentials is true, allowedOrigins cannot contain the special value "*" since that cannot be set on the "Access-Control-Allow-Origin" response header. To allow credentials to a set of origins, list them explicitly or consider using "allowedOriginPatterns" instead.
2026-06-28T17:54:38.457+05:30 ERROR 22520 --- [smart-legal-backend] [http-nio-8080-exec-3] c.s.b.exception.GlobalExceptionHandler   : RuntimeException: When allowCredentials is true, allowedOrigins cannot contain the special value "*" since that cannot be set on the "Access-Control-Allow-Origin" response header. To allow credentials to a set of origins, list them explicitly or consider using "allowedOriginPatterns" instead.
2026-06-28T17:54:38.459+05:30 ERROR 22520 --- [smart-legal-backend] [http-nio-8080-exec-4] c.s.b.exception.GlobalExceptionHandler   : RuntimeException: When allowCredentials is true, allowedOrigins cannot contain the special value "*" since that cannot be set on the "Access-Control-Allow-Origin" response header. To allow credentials to a set of origins, list them explicitly or consider using "allowedOriginPatterns" instead.
2026-06-28T17:54:38.502+05:30 DEBUG 22520 --- [smart-legal-backend] [http-nio-8080-exec-5] c.s.b.security.JwtAuthenticationFilter   : JWT authentication successful for user: yashukc@gmail.com
2026-06-28T17:54:38.505+05:30 DEBUG 22520 --- [smart-legal-backend] [http-nio-8080-exec-9] c.s.b.security.JwtAuthenticationFilter   : JWT authentication successful for user: yashukc@gmail.com
2026-06-28T17:54:38.505+05:30 DEBUG 22520 --- [smart-legal-backend] [http-nio-8080-exec-6] c.s.b.security.JwtAuthenticationFilter   : JWT authentication successful for user: yashukc@gmail.com
2026-06-28T17:54:38.506+05:30 ERROR 22520 --- [smart-legal-backend] [http-nio-8080-exec-5] c.s.b.exception.GlobalExceptionHandler   : RuntimeException: When allowCredentials is true, allowedOrigins cannot contain the special value "*" since that cannot be set on the "Access-Control-Allow-Origin" response header. To allow credentials to a set of origins, list them explicitly or consider using "allowedOriginPatterns" instead.
2026-06-28T17:54:38.510+05:30 ERROR 22520 --- [smart-legal-backend] [http-nio-8080-exec-9] c.s.b.exception.GlobalExceptionHandler   : RuntimeException: When allowCredentials is true, allowedOrigins cannot contain the special value "*" since that cannot be set on the "Access-Control-Allow-Origin" response header. To allow credentials to a set of origins, list them explicitly or consider using "allowedOriginPatterns" instead.
2026-06-28T17:54:38.510+05:30 ERROR 22520 --- [smart-legal-backend] [http-nio-8080-exec-6] c.s.b.exception.GlobalExceptionHandler   : RuntimeException: When allowCredentials is true, allowedOrigins cannot contain the special value "*" since that cannot be set on the "Access-Control-Allow-Origin" response header. To allow credentials to a set of origins, list them explicitly or consider using "allowedOriginPatterns" instead.
2026-06-28T17:54:38.536+05:30 DEBUG 22520 --- [smart-legal-backend] [http-nio-8080-exec-2] c.s.b.security.JwtAuthenticationFilter   : JWT authentication successful for user: yashukc@gmail.com
2026-06-28T17:54:40.121+05:30 DEBUG 22520 --- [smart-legal-backend] [http-nio-8080-exec-1] c.s.b.security.JwtAuthenticationFilter   : JWT authentication successful for user: yashukc@gmail.com
2026-06-28T17:54:40.125+05:30 ERROR 22520 --- [smart-legal-backend] [http-nio-8080-exec-1] c.s.b.exception.GlobalExceptionHandler   : RuntimeException: When allowCredentials is true, allowedOrigins cannot contain the special value "*" since that cannot be set on the "Access-Control-Allow-Origin" response header. To allow credentials to a set of origins, list them explicitly or consider using "allowedOriginPatterns" instead.
2026-06-28T17:54:40.145+05:30 DEBUG 22520 --- [smart-legal-backend] [http-nio-8080-exec-8] c.s.b.security.JwtAuthenticationFilter   : JWT authentication successful for user: yashukc@gmail.com
2026-06-28T17:54:40.147+05:30 ERROR 22520 --- [smart-legal-backend] [http-nio-8080-exec-8] c.s.b.exception.GlobalExceptionHandler   : RuntimeException: When allowCredentials is true, allowedOrigins cannot contain the special value "*" since that cannot be set on the "Access-Control-Allow-Origin" response header. To allow credentials to a set of origins, list them explicitly or consider using "allowedOriginPatterns" instead.
2026-06-28T17:55:03.979+05:30 DEBUG 22520 --- [smart-legal-backend] [http-nio-8080-exec-3] c.s.b.security.JwtAuthenticationFilter   : JWT authentication successful for user: yashukc@gmail.com
2026-06-28T17:55:03.979+05:30 DEBUG 22520 --- [smart-legal-backend] [http-nio-8080-exec-10] c.s.b.security.JwtAuthenticationFilter   : JWT authentication successful for user: yashukc@gmail.com
2026-06-28T17:55:03.979+05:30 DEBUG 22520 --- [smart-legal-backend] [http-nio-8080-exec-4] c.s.b.security.JwtAuthenticationFilter   : JWT authentication successful for user: yashukc@gmail.com
2026-06-28T17:55:03.981+05:30 DEBUG 22520 --- [smart-legal-backend] [http-nio-8080-exec-7] c.s.b.security.JwtAuthenticationFilter   : JWT authentication successful for user: yashukc@gmail.com
2026-06-28T17:55:03.982+05:30 ERROR 22520 --- [smart-legal-backend] [http-nio-8080-exec-3] c.s.b.exception.GlobalExceptionHandler   : RuntimeException: When allowCredentials is true, allowedOrigins cannot contain the special value "*" since that cannot be set on the "Access-Control-Allow-Origin" response header. To allow credentials to a set of origins, list them explicitly or consider using "allowedOriginPatterns" instead.
2026-06-28T17:55:03.983+05:30 ERROR 22520 --- [smart-legal-backend] [http-nio-8080-exec-4] c.s.b.exception.GlobalExceptionHandler   : RuntimeException: When allowCredentials is true, allowedOrigins cannot contain the special value "*" since that cannot be set on the "Access-Control-Allow-Origin" response header. To allow credentials to a set of origins, list them explicitly or consider using "allowedOriginPatterns" instead.
2026-06-28T17:55:03.984+05:30 ERROR 22520 --- [smart-legal-backend] [http-nio-8080-exec-7] c.s.b.exception.GlobalExceptionHandler   : RuntimeException: When allowCredentials is true, allowedOrigins cannot contain the special value "*" since that cannot be set on the "Access-Control-Allow-Origin" response header. To allow credentials to a set of origins, list them explicitly or consider using "allowedOriginPatterns" instead.
2026-06-28T17:55:04.016+05:30 DEBUG 22520 --- [smart-legal-backend] [http-nio-8080-exec-5] c.s.b.security.JwtAuthenticationFilter   : JWT authentication successful for user: yashukc@gmail.com
2026-06-28T17:55:04.019+05:30 ERROR 22520 --- [smart-legal-backend] [http-nio-8080-exec-5] c.s.b.exception.GlobalExceptionHandler   : RuntimeException: When allowCredentials is true, allowedOrigins cannot contain the special value "*" since that cannot be set on the "Access-Control-Allow-Origin" response header. To allow credentials to a set of origins, list them explicitly or consider using "allowedOriginPatterns" instead.
2026-06-28T17:55:04.021+05:30 DEBUG 22520 --- [smart-legal-backend] [http-nio-8080-exec-9] c.s.b.security.JwtAuthenticationFilter   : JWT authentication successful for user: yashukc@gmail.com
2026-06-28T17:55:04.024+05:30 ERROR 22520 --- [smart-legal-backend] [http-nio-8080-exec-9] c.s.b.exception.GlobalExceptionHandler   : RuntimeException: When allowCredentials is true, allowedOrigins cannot contain the special value "*" since that cannot be set on the "Access-Control-Allow-Origin" response header. To allow credentials to a set of origins, list them explicitly or consider using "allowedOriginPatterns" instead.
2026-06-28T17:55:04.057+05:30 DEBUG 22520 --- [smart-legal-backend] [http-nio-8080-exec-2] c.s.b.security.JwtAuthenticationFilter   : JWT authentication successful for user: yashukc@gmail.com
2026-06-28T17:55:04.060+05:30 DEBUG 22520 --- [smart-legal-backend] [http-nio-8080-exec-6] c.s.b.security.JwtAuthenticationFilter   : JWT authentication successful for user: yashukc@gmail.com
2026-06-28T17:55:04.062+05:30 ERROR 22520 --- [smart-legal-backend] [http-nio-8080-exec-6] c.s.b.exception.GlobalExceptionHandler   : RuntimeException: When allowCredentials is true, allowedOrigins cannot contain the special value "*" since that cannot be set on the "Access-Control-Allow-Origin" response header. To allow credentials to a set of origins, list them explicitly or consider using "allowedOriginPatterns" instead.
2026-06-28T17:56:06.109+05:30 ERROR 22520 --- [smart-legal-backend] [http-nio-8080-exec-7] c.s.b.exception.GlobalExceptionHandler   : RuntimeException: detached entity passed to persist: com.smartlegal.backend.entity.User
2026-06-28T17:56:40.561+05:30 ERROR 22520 --- [smart-legal-backend] [http-nio-8080-exec-10] c.s.b.exception.GlobalExceptionHandler   : RuntimeException: detached entity passed to persist: com.smartlegal.backend.entity.User
2026-06-28T18:05:10.312+05:30 DEBUG 22520 --- [smart-legal-backend] [http-nio-8080-exec-9] c.s.b.security.JwtAuthenticationFilter   : JWT authentication successful for user: donu27@gmail.com
2026-06-28T18:05:10.312+05:30 DEBUG 22520 --- [smart-legal-backend] [http-nio-8080-exec-4] c.s.b.security.JwtAuthenticationFilter   : JWT authentication successful for user: donu27@gmail.com
2026-06-28T18:05:10.313+05:30 DEBUG 22520 --- [smart-legal-backend] [http-nio-8080-exec-8] c.s.b.security.JwtAuthenticationFilter   : JWT authentication successful for user: donu27@gmail.com
2026-06-28T18:05:10.312+05:30 DEBUG 22520 --- [smart-legal-backend] [http-nio-8080-exec-7] c.s.b.security.JwtAuthenticationFilter   : JWT authentication successful for user: donu27@gmail.com
2026-06-28T18:05:10.345+05:30 ERROR 22520 --- [smart-legal-backend] [http-nio-8080-exec-7] c.s.b.exception.GlobalExceptionHandler   : RuntimeException: When allowCredentials is true, allowedOrigins cannot contain the special value "*" since that cannot be set on the "Access-Control-Allow-Origin" response header. To allow credentials to a set of origins, list them explicitly or consider using "allowedOriginPatterns" instead.
2026-06-28T18:05:10.344+05:30 ERROR 22520 --- [smart-legal-backend] [http-nio-8080-exec-9] c.s.b.exception.GlobalExceptionHandler   : RuntimeException: When allowCredentials is true, allowedOrigins cannot contain the special value "*" since that cannot be set on the "Access-Control-Allow-Origin" response header. To allow credentials to a set of origins, list them explicitly or consider using "allowedOriginPatterns" instead.
2026-06-28T18:05:10.346+05:30 ERROR 22520 --- [smart-legal-backend] [http-nio-8080-exec-4] c.s.b.exception.GlobalExceptionHandler   : RuntimeException: When allowCredentials is true, allowedOrigins cannot contain the special value "*" since that cannot be set on the "Access-Control-Allow-Origin" response header. To allow credentials to a set of origins, list them explicitly or consider using "allowedOriginPatterns" instead.
2026-06-28T18:05:10.384+05:30 DEBUG 22520 --- [smart-legal-backend] [http-nio-8080-exec-10] c.s.b.security.JwtAuthenticationFilter   : JWT authentication successful for user: donu27@gmail.com
2026-06-28T18:05:10.387+05:30 DEBUG 22520 --- [smart-legal-backend] [http-nio-8080-exec-3] c.s.b.security.JwtAuthenticationFilter   : JWT authentication successful for user: donu27@gmail.com
2026-06-28T18:05:10.392+05:30 ERROR 22520 --- [smart-legal-backend] [http-nio-8080-exec-10] c.s.b.exception.GlobalExceptionHandler   : RuntimeException: When allowCredentials is true, allowedOrigins cannot contain the special value "*" since that cannot be set on the "Access-Control-Allow-Origin" response header. To allow credentials to a set of origins, list them explicitly or consider using "allowedOriginPatterns" instead.
2026-06-28T18:05:10.392+05:30 DEBUG 22520 --- [smart-legal-backend] [http-nio-8080-exec-5] c.s.b.security.JwtAuthenticationFilter   : JWT authentication successful for user: donu27@gmail.com
2026-06-28T18:05:10.392+05:30 ERROR 22520 --- [smart-legal-backend] [http-nio-8080-exec-3] c.s.b.exception.GlobalExceptionHandler   : RuntimeException: When allowCredentials is true, allowedOrigins cannot contain the special value "*" since that cannot be set on the "Access-Control-Allow-Origin" response header. To allow credentials to a set of origins, list them explicitly or consider using "allowedOriginPatterns" instead.
2026-06-28T18:05:10.396+05:30 ERROR 22520 --- [smart-legal-backend] [http-nio-8080-exec-5] c.s.b.exception.GlobalExceptionHandler   : RuntimeException: When allowCredentials is true, allowedOrigins cannot contain the special value "*" since that cannot be set on the "Access-Control-Allow-Origin" response header. To allow credentials to a set of origins, list them explicitly or consider using "allowedOriginPatterns" instead.
2026-06-28T18:05:10.474+05:30 DEBUG 22520 --- [smart-legal-backend] [http-nio-8080-exec-1] c.s.b.security.JwtAuthenticationFilter   : JWT authentication successful for user: donu27@gmail.com
2026-06-28T18:05:26.828+05:30 DEBUG 22520 --- [smart-legal-backend] [http-nio-8080-exec-6] c.s.b.security.JwtAuthenticationFilter   : JWT authentication successful for user: donu27@gmail.com
2026-06-28T18:05:26.830+05:30 ERROR 22520 --- [smart-legal-backend] [http-nio-8080-exec-6] c.s.b.exception.GlobalExceptionHandler   : RuntimeException: When allowCredentials is true, allowedOrigins cannot contain the special value "*" since that cannot be set on the "Access-Control-Allow-Origin" response header. To allow credentials to a set of origins, list them explicitly or consider using "allowedOriginPatterns" instead.
2026-06-28T18:05:26.847+05:30 DEBUG 22520 --- [smart-legal-backend] [http-nio-8080-exec-2] c.s.b.security.JwtAuthenticationFilter   : JWT authentication successful for user: donu27@gmail.com
2026-06-28T18:05:26.849+05:30 ERROR 22520 --- [smart-legal-backend] [http-nio-8080-exec-2] c.s.b.exception.GlobalExceptionHandler   : RuntimeException: When allowCredentials is true, allowedOrigins cannot contain the special value "*" since that cannot be set on the "Access-Control-Allow-Origin" response header. To allow credentials to a set of origins, list them explicitly or consider using "allowedOriginPatterns" instead.
2026-06-28T18:05:33.817+05:30 DEBUG 22520 --- [smart-legal-backend] [http-nio-8080-exec-9] c.s.b.security.JwtAuthenticationFilter   : JWT authentication successful for user: donu27@gmail.com
2026-06-28T18:05:33.817+05:30 DEBUG 22520 --- [smart-legal-backend] [http-nio-8080-exec-4] c.s.b.security.JwtAuthenticationFilter   : JWT authentication successful for user: donu27@gmail.com
2026-06-28T18:05:33.818+05:30 DEBUG 22520 --- [smart-legal-backend] [http-nio-8080-exec-7] c.s.b.security.JwtAuthenticationFilter   : JWT authentication successful for user: donu27@gmail.com
2026-06-28T18:05:33.818+05:30 ERROR 22520 --- [smart-legal-backend] [http-nio-8080-exec-9] c.s.b.exception.GlobalExceptionHandler   : RuntimeException: When allowCredentials is true, allowedOrigins cannot contain the special value "*" since that cannot be set on the "Access-Control-Allow-Origin" response header. To allow credentials to a set of origins, list them explicitly or consider using "allowedOriginPatterns" instead.
2026-06-28T18:05:33.818+05:30 ERROR 22520 --- [smart-legal-backend] [http-nio-8080-exec-4] c.s.b.exception.GlobalExceptionHandler   : RuntimeException: When allowCredentials is true, allowedOrigins cannot contain the special value "*" since that cannot be set on the "Access-Control-Allow-Origin" response header. To allow credentials to a set of origins, list them explicitly or consider using "allowedOriginPatterns" instead.
2026-06-28T18:05:33.823+05:30 DEBUG 22520 --- [smart-legal-backend] [http-nio-8080-exec-10] c.s.b.security.JwtAuthenticationFilter   : JWT authentication successful for user: donu27@gmail.com
2026-06-28T18:05:33.826+05:30 ERROR 22520 --- [smart-legal-backend] [http-nio-8080-exec-10] c.s.b.exception.GlobalExceptionHandler   : RuntimeException: When allowCredentials is true, allowedOrigins cannot contain the special value "*" since that cannot be set on the "Access-Control-Allow-Origin" response header. To allow credentials to a set of origins, list them explicitly or consider using "allowedOriginPatterns" instead.
2026-06-28T18:05:33.852+05:30 DEBUG 22520 --- [smart-legal-backend] [http-nio-8080-exec-3] c.s.b.security.JwtAuthenticationFilter   : JWT authentication successful for user: donu27@gmail.com
2026-06-28T18:05:33.854+05:30 ERROR 22520 --- [smart-legal-backend] [http-nio-8080-exec-3] c.s.b.exception.GlobalExceptionHandler   : RuntimeException: When allowCredentials is true, allowedOrigins cannot contain the special value "*" since that cannot be set on the "Access-Control-Allow-Origin" response header. To allow credentials to a set of origins, list them explicitly or consider using "allowedOriginPatterns" instead.
2026-06-28T18:05:33.856+05:30 DEBUG 22520 --- [smart-legal-backend] [http-nio-8080-exec-5] c.s.b.security.JwtAuthenticationFilter   : JWT authentication successful for user: donu27@gmail.com
2026-06-28T18:05:33.857+05:30 DEBUG 22520 --- [smart-legal-backend] [http-nio-8080-exec-8] c.s.b.security.JwtAuthenticationFilter   : JWT authentication successful for user: donu27@gmail.com
2026-06-28T18:05:33.858+05:30 ERROR 22520 --- [smart-legal-backend] [http-nio-8080-exec-5] c.s.b.exception.GlobalExceptionHandler   : RuntimeException: When allowCredentials is true, allowedOrigins cannot contain the special value "*" since that cannot be set on the "Access-Control-Allow-Origin" response header. To allow credentials to a set of origins, list them explicitly or consider using "allowedOriginPatterns" instead.
2026-06-28T18:05:33.858+05:30 ERROR 22520 --- [smart-legal-backend] [http-nio-8080-exec-8] c.s.b.exception.GlobalExceptionHandler   : RuntimeException: When allowCredentials is true, allowedOrigins cannot contain the special value "*" since that cannot be set on the "Access-Control-Allow-Origin" response header. To allow credentials to a set of origins, list them explicitly or consider using "allowedOriginPatterns" instead.
2026-06-28T18:05:33.877+05:30 DEBUG 22520 --- [smart-legal-backend] [http-nio-8080-exec-1] c.s.b.security.JwtAuthenticationFilter   : JWT authentication successful for user: donu27@gmail.com
2026-06-28T18:05:48.599+05:30 DEBUG 22520 --- [smart-legal-backend] [http-nio-8080-exec-2] c.s.b.security.JwtAuthenticationFilter   : JWT authentication successful for user: yashukc@gmail.com
2026-06-28T18:05:48.599+05:30 DEBUG 22520 --- [smart-legal-backend] [http-nio-8080-exec-9] c.s.b.security.JwtAuthenticationFilter   : JWT authentication successful for user: yashukc@gmail.com
2026-06-28T18:05:48.601+05:30 DEBUG 22520 --- [smart-legal-backend] [http-nio-8080-exec-6] c.s.b.security.JwtAuthenticationFilter   : JWT authentication successful for user: yashukc@gmail.com
2026-06-28T18:05:48.603+05:30 ERROR 22520 --- [smart-legal-backend] [http-nio-8080-exec-9] c.s.b.exception.GlobalExceptionHandler   : RuntimeException: When allowCredentials is true, allowedOrigins cannot contain the special value "*" since that cannot be set on the "Access-Control-Allow-Origin" response header. To allow credentials to a set of origins, list them explicitly or consider using "allowedOriginPatterns" instead.
2026-06-28T18:05:48.603+05:30 ERROR 22520 --- [smart-legal-backend] [http-nio-8080-exec-2] c.s.b.exception.GlobalExceptionHandler   : RuntimeException: When allowCredentials is true, allowedOrigins cannot contain the special value "*" since that cannot be set on the "Access-Control-Allow-Origin" response header. To allow credentials to a set of origins, list them explicitly or consider using "allowedOriginPatterns" instead.
2026-06-28T18:05:48.606+05:30 DEBUG 22520 --- [smart-legal-backend] [http-nio-8080-exec-4] c.s.b.security.JwtAuthenticationFilter   : JWT authentication successful for user: yashukc@gmail.com
2026-06-28T18:05:48.613+05:30 ERROR 22520 --- [smart-legal-backend] [http-nio-8080-exec-4] c.s.b.exception.GlobalExceptionHandler   : RuntimeException: When allowCredentials is true, allowedOrigins cannot contain the special value "*" since that cannot be set on the "Access-Control-Allow-Origin" response header. To allow credentials to a set of origins, list them explicitly or consider using "allowedOriginPatterns" instead.
2026-06-28T18:05:48.856+05:30 DEBUG 22520 --- [smart-legal-backend] [http-nio-8080-exec-10] c.s.b.security.JwtAuthenticationFilter   : JWT authentication successful for user: yashukc@gmail.com
2026-06-28T18:05:48.857+05:30 DEBUG 22520 --- [smart-legal-backend] [http-nio-8080-exec-7] c.s.b.security.JwtAuthenticationFilter   : JWT authentication successful for user: yashukc@gmail.com
2026-06-28T18:05:48.859+05:30 ERROR 22520 --- [smart-legal-backend] [http-nio-8080-exec-7] c.s.b.exception.GlobalExceptionHandler   : RuntimeException: When allowCredentials is true, allowedOrigins cannot contain the special value "*" since that cannot be set on the "Access-Control-Allow-Origin" response header. To allow credentials to a set of origins, list them explicitly or consider using "allowedOriginPatterns" instead.
2026-06-28T18:05:48.859+05:30 ERROR 22520 --- [smart-legal-backend] [http-nio-8080-exec-10] c.s.b.exception.GlobalExceptionHandler   : RuntimeException: When allowCredentials is true, allowedOrigins cannot contain the special value "*" since that cannot be set on the "Access-Control-Allow-Origin" response header. To allow credentials to a set of origins, list them explicitly or consider using "allowedOriginPatterns" instead.
2026-06-28T18:05:48.862+05:30 DEBUG 22520 --- [smart-legal-backend] [http-nio-8080-exec-3] c.s.b.security.JwtAuthenticationFilter   : JWT authentication successful for user: yashukc@gmail.com
2026-06-28T18:05:48.866+05:30 ERROR 22520 --- [smart-legal-backend] [http-nio-8080-exec-3] c.s.b.exception.GlobalExceptionHandler   : RuntimeException: When allowCredentials is true, allowedOrigins cannot contain the special value "*" since that cannot be set on the "Access-Control-Allow-Origin" response header. To allow credentials to a set of origins, list them explicitly or consider using "allowedOriginPatterns" instead.
2026-06-28T18:05:48.897+05:30 DEBUG 22520 --- [smart-legal-backend] [http-nio-8080-exec-8] c.s.b.security.JwtAuthenticationFilter   : JWT authentication successful for user: yashukc@gmail.com
2026-06-28T18:06:14.561+05:30  INFO 22520 --- [smart-legal-backend] [MessageBroker-1] o.s.w.s.c.WebSocketMessageBrokerStats    : WebSocketSession[0 current WS(0)-HttpStream(0)-HttpPoll(0), 0 total, 0 closed abnormally (0 connect failure, 0 send limit, 0 transport error)], stompSubProtocol[processed CONNECT(0)-CONNECTED(0)-DISCONNECT(0)], stompBrokerRelay[null], inboundChannel[pool size = 0, active threads = 0, queued tasks = 0, completed tasks = 0], outboundChannel[pool size = 0, active threads = 0, queued tasks = 0, completed tasks = 0], sockJsScheduler[pool size = 2, active threads = 1, queued tasks = 0, completed tasks = 1]
2026-06-28T18:06:21.987+05:30 ERROR 22520 --- [smart-legal-backend] [http-nio-8080-exec-5] c.s.b.exception.GlobalExceptionHandler   : RuntimeException: detached entity passed to persist: com.smartlegal.backend.entity.User
2026-06-28T18:07:44.420+05:30 ERROR 22520 --- [smart-legal-backend] [http-nio-8080-exec-4] c.s.b.exception.GlobalExceptionHandler   : RuntimeException: detached entity passed to persist: com.smartlegal.backend.entity.User
2026-06-28T18:08:34.004+05:30 DEBUG 22520 --- [smart-legal-backend] [http-nio-8080-exec-3] c.s.b.security.JwtAuthenticationFilter   : JWT authentication successful for user: abc1234@gmail.com
2026-06-28T18:08:34.004+05:30 DEBUG 22520 --- [smart-legal-backend] [http-nio-8080-exec-8] c.s.b.security.JwtAuthenticationFilter   : JWT authentication successful for user: abc1234@gmail.com
2026-06-28T18:08:34.004+05:30 DEBUG 22520 --- [smart-legal-backend] [http-nio-8080-exec-1] c.s.b.security.JwtAuthenticationFilter   : JWT authentication successful for user: abc1234@gmail.com
2026-06-28T18:08:34.006+05:30 ERROR 22520 --- [smart-legal-backend] [http-nio-8080-exec-8] c.s.b.exception.GlobalExceptionHandler   : RuntimeException: When allowCredentials is true, allowedOrigins cannot contain the special value "*" since that cannot be set on the "Access-Control-Allow-Origin" response header. To allow credentials to a set of origins, list them explicitly or consider using "allowedOriginPatterns" instead.
2026-06-28T18:08:34.006+05:30 ERROR 22520 --- [smart-legal-backend] [http-nio-8080-exec-1] c.s.b.exception.GlobalExceptionHandler   : RuntimeException: When allowCredentials is true, allowedOrigins cannot contain the special value "*" since that cannot be set on the "Access-Control-Allow-Origin" response header. To allow credentials to a set of origins, list them explicitly or consider using "allowedOriginPatterns" instead.
2026-06-28T18:08:34.015+05:30 DEBUG 22520 --- [smart-legal-backend] [http-nio-8080-exec-5] c.s.b.security.JwtAuthenticationFilter   : JWT authentication successful for user: abc1234@gmail.com
2026-06-28T18:08:34.018+05:30 ERROR 22520 --- [smart-legal-backend] [http-nio-8080-exec-5] c.s.b.exception.GlobalExceptionHandler   : RuntimeException: When allowCredentials is true, allowedOrigins cannot contain the special value "*" since that cannot be set on the "Access-Control-Allow-Origin" response header. To allow credentials to a set of origins, list them explicitly or consider using "allowedOriginPatterns" instead.
2026-06-28T18:08:34.042+05:30 DEBUG 22520 --- [smart-legal-backend] [http-nio-8080-exec-2] c.s.b.security.JwtAuthenticationFilter   : JWT authentication successful for user: abc1234@gmail.com
2026-06-28T18:08:34.042+05:30 DEBUG 22520 --- [smart-legal-backend] [http-nio-8080-exec-9] c.s.b.security.JwtAuthenticationFilter   : JWT authentication successful for user: abc1234@gmail.com
2026-06-28T18:08:34.044+05:30 ERROR 22520 --- [smart-legal-backend] [http-nio-8080-exec-2] c.s.b.exception.GlobalExceptionHandler   : RuntimeException: When allowCredentials is true, allowedOrigins cannot contain the special value "*" since that cannot be set on the "Access-Control-Allow-Origin" response header. To allow credentials to a set of origins, list them explicitly or consider using "allowedOriginPatterns" instead.
2026-06-28T18:08:34.045+05:30 ERROR 22520 --- [smart-legal-backend] [http-nio-8080-exec-9] c.s.b.exception.GlobalExceptionHandler   : RuntimeException: When allowCredentials is true, allowedOrigins cannot contain the special value "*" since that cannot be set on the "Access-Control-Allow-Origin" response header. To allow credentials to a set of origins, list them explicitly or consider using "allowedOriginPatterns" instead.
2026-06-28T18:08:34.052+05:30 DEBUG 22520 --- [smart-legal-backend] [http-nio-8080-exec-4] c.s.b.security.JwtAuthenticationFilter   : JWT authentication successful for user: abc1234@gmail.com
2026-06-28T18:08:34.054+05:30 ERROR 22520 --- [smart-legal-backend] [http-nio-8080-exec-4] c.s.b.exception.GlobalExceptionHandler   : RuntimeException: When allowCredentials is true, allowedOrigins cannot contain the special value "*" since that cannot be set on the "Access-Control-Allow-Origin" response header. To allow credentials to a set of origins, list them explicitly or consider using "allowedOriginPatterns" instead.
2026-06-28T18:08:34.060+05:30 DEBUG 22520 --- [smart-legal-backend] [http-nio-8080-exec-6] c.s.b.security.JwtAuthenticationFilter   : JWT authentication successful for user: abc1234@gmail.com
2026-06-28T19:34:22.091+05:30  INFO 10248 --- [smart-legal-backend] [main] c.s.b.SmartLegalBackendApplication       : Starting SmartLegalBackendApplication using Java 23.0.2 with PID 10248 (C:\Users\yashu\OneDrive\Desktop\Smart-Legal-Assistance-System\backend\target\classes started by yashu in C:\Users\yashu\OneDrive\Desktop\Smart-Legal-Assistance-System)
2026-06-28T19:34:22.093+05:30 DEBUG 10248 --- [smart-legal-backend] [main] c.s.b.SmartLegalBackendApplication       : Running with Spring Boot v3.2.4, Spring v6.1.5
2026-06-28T19:34:22.095+05:30  INFO 10248 --- [smart-legal-backend] [main] c.s.b.SmartLegalBackendApplication       : No active profile set, falling back to 1 default profile: "default"
2026-06-28T19:34:24.510+05:30  INFO 10248 --- [smart-legal-backend] [main] .s.d.r.c.RepositoryConfigurationDelegate : Bootstrapping Spring Data JPA repositories in DEFAULT mode.
2026-06-28T19:34:24.719+05:30  INFO 10248 --- [smart-legal-backend] [main] .s.d.r.c.RepositoryConfigurationDelegate : Finished Spring Data repository scanning in 189 ms. Found 15 JPA repository interfaces.
2026-06-28T19:34:26.601+05:30  INFO 10248 --- [smart-legal-backend] [main] o.s.b.w.embedded.tomcat.TomcatWebServer  : Tomcat initialized with port 8080 (http)
2026-06-28T19:34:26.623+05:30  INFO 10248 --- [smart-legal-backend] [main] o.apache.catalina.core.StandardService   : Starting service [Tomcat]
2026-06-28T19:34:26.624+05:30  INFO 10248 --- [smart-legal-backend] [main] o.apache.catalina.core.StandardEngine    : Starting Servlet engine: [Apache Tomcat/10.1.19]
2026-06-28T19:34:26.749+05:30  INFO 10248 --- [smart-legal-backend] [main] o.a.c.c.C.[Tomcat].[localhost].[/]       : Initializing Spring embedded WebApplicationContext
2026-06-28T19:34:26.751+05:30  INFO 10248 --- [smart-legal-backend] [main] w.s.c.ServletWebServerApplicationContext : Root WebApplicationContext: initialization completed in 4546 ms
2026-06-28T19:34:27.383+05:30  INFO 10248 --- [smart-legal-backend] [main] o.hibernate.jpa.internal.util.LogHelper  : HHH000204: Processing PersistenceUnitInfo [name: default]
2026-06-28T19:34:27.561+05:30  INFO 10248 --- [smart-legal-backend] [main] org.hibernate.Version                    : HHH000412: Hibernate ORM core version 6.4.4.Final
2026-06-28T19:34:27.652+05:30  INFO 10248 --- [smart-legal-backend] [main] o.h.c.internal.RegionFactoryInitiator    : HHH000026: Second-level cache disabled
2026-06-28T19:34:28.079+05:30  INFO 10248 --- [smart-legal-backend] [main] o.s.o.j.p.SpringPersistenceUnitInfo      : No LoadTimeWeaver setup: ignoring JPA class transformer
2026-06-28T19:34:28.133+05:30  INFO 10248 --- [smart-legal-backend] [main] com.zaxxer.hikari.HikariDataSource       : HikariPool-1 - Starting...
2026-06-28T19:34:28.491+05:30  INFO 10248 --- [smart-legal-backend] [main] com.zaxxer.hikari.pool.HikariPool        : HikariPool-1 - Added connection com.mysql.cj.jdbc.ConnectionImpl@32c6d164
2026-06-28T19:34:28.494+05:30  INFO 10248 --- [smart-legal-backend] [main] com.zaxxer.hikari.HikariDataSource       : HikariPool-1 - Start completed.
2026-06-28T19:34:28.582+05:30  WARN 10248 --- [smart-legal-backend] [main] org.hibernate.orm.deprecation            : HHH90000025: MySQLDialect does not need to be specified explicitly using 'hibernate.dialect' (remove the property setting and it will be selected by default)
2026-06-28T19:34:30.504+05:30  INFO 10248 --- [smart-legal-backend] [main] o.h.e.t.j.p.i.JtaPlatformInitiator       : HHH000489: No JTA platform available (set 'hibernate.transaction.jta.platform' to enable JTA platform integration)
2026-06-28T19:34:30.986+05:30  INFO 10248 --- [smart-legal-backend] [main] j.LocalContainerEntityManagerFactoryBean : Initialized JPA EntityManagerFactory for persistence unit 'default'
2026-06-28T19:34:31.692+05:30 DEBUG 10248 --- [smart-legal-backend] [main] c.s.b.security.JwtAuthenticationFilter   : Filter 'jwtAuthenticationFilter' configured for use
2026-06-28T19:34:31.872+05:30  INFO 10248 --- [smart-legal-backend] [main] o.s.d.j.r.query.QueryEnhancerFactory     : Hibernate is in classpath; If applicable, HQL parser will be used.
2026-06-28T19:34:34.446+05:30  INFO 10248 --- [smart-legal-backend] [main] c.s.backend.service.PaymentService       : Razorpay client initialized successfully.
2026-06-28T19:34:36.053+05:30  INFO 10248 --- [smart-legal-backend] [main] o.s.b.a.e.web.EndpointLinksResolver      : Exposing 3 endpoint(s) beneath base path '/actuator'
2026-06-28T19:34:36.729+05:30  WARN 10248 --- [smart-legal-backend] [main] ion$DefaultTemplateResolverConfiguration : Cannot find template location: classpath:/templates/ (please add some templates, check your Thymeleaf configuration, or set spring.thymeleaf.check-template-location=false)
2026-06-28T19:34:37.648+05:30  INFO 10248 --- [smart-legal-backend] [main] o.s.b.w.embedded.tomcat.TomcatWebServer  : Tomcat started on port 8080 (http) with context path ''
2026-06-28T19:34:37.651+05:30  INFO 10248 --- [smart-legal-backend] [main] o.s.m.s.b.SimpleBrokerMessageHandler     : Starting...
2026-06-28T19:34:37.653+05:30  INFO 10248 --- [smart-legal-backend] [main] o.s.m.s.b.SimpleBrokerMessageHandler     : BrokerAvailabilityEvent[available=true, SimpleBrokerMessageHandler [org.springframework.messaging.simp.broker.DefaultSubscriptionRegistry@34f14035]]
2026-06-28T19:34:37.653+05:30  INFO 10248 --- [smart-legal-backend] [main] o.s.m.s.b.SimpleBrokerMessageHandler     : Started.
2026-06-28T19:34:37.677+05:30  INFO 10248 --- [smart-legal-backend] [main] c.s.b.SmartLegalBackendApplication       : Started SmartLegalBackendApplication in 16.44 seconds (process running for 17.254)
2026-06-28T19:35:37.508+05:30  INFO 10248 --- [smart-legal-backend] [MessageBroker-1] o.s.w.s.c.WebSocketMessageBrokerStats    : WebSocketSession[0 current WS(0)-HttpStream(0)-HttpPoll(0), 0 total, 0 closed abnormally (0 connect failure, 0 send limit, 0 transport error)], stompSubProtocol[processed CONNECT(0)-CONNECTED(0)-DISCONNECT(0)], stompBrokerRelay[null], inboundChannel[pool size = 0, active threads = 0, queued tasks = 0, completed tasks = 0], outboundChannel[pool size = 0, active threads = 0, queued tasks = 0, completed tasks = 0], sockJsScheduler[pool size = 1, active threads = 1, queued tasks = 0, completed tasks = 0]
2026-06-28T19:37:04.048+05:30  INFO 10248 --- [smart-legal-backend] [http-nio-8080-exec-1] o.a.c.c.C.[Tomcat].[localhost].[/]       : Initializing Spring DispatcherServlet 'dispatcherServlet'
2026-06-28T19:37:04.052+05:30  INFO 10248 --- [smart-legal-backend] [http-nio-8080-exec-1] o.s.web.servlet.DispatcherServlet        : Initializing Servlet 'dispatcherServlet'
2026-06-28T19:37:04.148+05:30  INFO 10248 --- [smart-legal-backend] [http-nio-8080-exec-1] o.s.web.servlet.DispatcherServlet        : Completed initialization in 94 ms
2026-06-28T19:37:27.248+05:30 DEBUG 10248 --- [smart-legal-backend] [http-nio-8080-exec-8] c.s.b.security.JwtAuthenticationFilter   : JWT authentication successful for user: gangeg986@gmail.com
2026-06-28T19:37:27.253+05:30 DEBUG 10248 --- [smart-legal-backend] [http-nio-8080-exec-2] c.s.b.security.JwtAuthenticationFilter   : JWT authentication successful for user: gangeg986@gmail.com
2026-06-28T19:37:27.253+05:30 DEBUG 10248 --- [smart-legal-backend] [http-nio-8080-exec-4] c.s.b.security.JwtAuthenticationFilter   : JWT authentication successful for user: gangeg986@gmail.com
2026-06-28T19:37:27.253+05:30 DEBUG 10248 --- [smart-legal-backend] [http-nio-8080-exec-3] c.s.b.security.JwtAuthenticationFilter   : JWT authentication successful for user: gangeg986@gmail.com
2026-06-28T19:37:27.262+05:30 ERROR 10248 --- [smart-legal-backend] [http-nio-8080-exec-8] c.s.b.exception.GlobalExceptionHandler   : RuntimeException: When allowCredentials is true, allowedOrigins cannot contain the special value "*" since that cannot be set on the "Access-Control-Allow-Origin" response header. To allow credentials to a set of origins, list them explicitly or consider using "allowedOriginPatterns" instead.
2026-06-28T19:37:27.262+05:30 ERROR 10248 --- [smart-legal-backend] [http-nio-8080-exec-2] c.s.b.exception.GlobalExceptionHandler   : RuntimeException: When allowCredentials is true, allowedOrigins cannot contain the special value "*" since that cannot be set on the "Access-Control-Allow-Origin" response header. To allow credentials to a set of origins, list them explicitly or consider using "allowedOriginPatterns" instead.
2026-06-28T19:37:27.262+05:30 ERROR 10248 --- [smart-legal-backend] [http-nio-8080-exec-3] c.s.b.exception.GlobalExceptionHandler   : RuntimeException: When allowCredentials is true, allowedOrigins cannot contain the special value "*" since that cannot be set on the "Access-Control-Allow-Origin" response header. To allow credentials to a set of origins, list them explicitly or consider using "allowedOriginPatterns" instead.
2026-06-28T19:37:27.262+05:30 ERROR 10248 --- [smart-legal-backend] [http-nio-8080-exec-4] c.s.b.exception.GlobalExceptionHandler   : RuntimeException: When allowCredentials is true, allowedOrigins cannot contain the special value "*" since that cannot be set on the "Access-Control-Allow-Origin" response header. To allow credentials to a set of origins, list them explicitly or consider using "allowedOriginPatterns" instead.
2026-06-28T19:37:27.331+05:30 DEBUG 10248 --- [smart-legal-backend] [http-nio-8080-exec-9] c.s.b.security.JwtAuthenticationFilter   : JWT authentication successful for user: gangeg986@gmail.com
2026-06-28T19:37:27.331+05:30 DEBUG 10248 --- [smart-legal-backend] [http-nio-8080-exec-6] c.s.b.security.JwtAuthenticationFilter   : JWT authentication successful for user: gangeg986@gmail.com
2026-06-28T19:37:27.333+05:30 DEBUG 10248 --- [smart-legal-backend] [http-nio-8080-exec-5] c.s.b.security.JwtAuthenticationFilter   : JWT authentication successful for user: gangeg986@gmail.com
2026-06-28T19:37:27.334+05:30 ERROR 10248 --- [smart-legal-backend] [http-nio-8080-exec-9] c.s.b.exception.GlobalExceptionHandler   : RuntimeException: When allowCredentials is true, allowedOrigins cannot contain the special value "*" since that cannot be set on the "Access-Control-Allow-Origin" response header. To allow credentials to a set of origins, list them explicitly or consider using "allowedOriginPatterns" instead.
2026-06-28T19:37:27.334+05:30 ERROR 10248 --- [smart-legal-backend] [http-nio-8080-exec-6] c.s.b.exception.GlobalExceptionHandler   : RuntimeException: When allowCredentials is true, allowedOrigins cannot contain the special value "*" since that cannot be set on the "Access-Control-Allow-Origin" response header. To allow credentials to a set of origins, list them explicitly or consider using "allowedOriginPatterns" instead.
2026-06-28T19:37:27.335+05:30 DEBUG 10248 --- [smart-legal-backend] [http-nio-8080-exec-10] c.s.b.security.JwtAuthenticationFilter   : JWT authentication successful for user: gangeg986@gmail.com
2026-06-28T19:37:27.336+05:30 ERROR 10248 --- [smart-legal-backend] [http-nio-8080-exec-5] c.s.b.exception.GlobalExceptionHandler   : RuntimeException: When allowCredentials is true, allowedOrigins cannot contain the special value "*" since that cannot be set on the "Access-Control-Allow-Origin" response header. To allow credentials to a set of origins, list them explicitly or consider using "allowedOriginPatterns" instead.
2026-06-28T19:37:27.337+05:30 ERROR 10248 --- [smart-legal-backend] [http-nio-8080-exec-10] c.s.b.exception.GlobalExceptionHandler   : RuntimeException: When allowCredentials is true, allowedOrigins cannot contain the special value "*" since that cannot be set on the "Access-Control-Allow-Origin" response header. To allow credentials to a set of origins, list them explicitly or consider using "allowedOriginPatterns" instead.
2026-06-28T19:44:52.730+05:30 DEBUG 10248 --- [smart-legal-backend] [http-nio-8080-exec-7] c.s.b.security.JwtAuthenticationFilter   : JWT authentication successful for user: gangeg986@gmail.com
2026-06-28T19:44:52.735+05:30 ERROR 10248 --- [smart-legal-backend] [http-nio-8080-exec-7] c.s.b.exception.GlobalExceptionHandler   : RuntimeException: When allowCredentials is true, allowedOrigins cannot contain the special value "*" since that cannot be set on the "Access-Control-Allow-Origin" response header. To allow credentials to a set of origins, list them explicitly or consider using "allowedOriginPatterns" instead.
2026-06-28T20:05:37.580+05:30  INFO 10248 --- [smart-legal-backend] [MessageBroker-1] o.s.w.s.c.WebSocketMessageBrokerStats    : WebSocketSession[0 current WS(0)-HttpStream(0)-HttpPoll(0), 0 total, 0 closed abnormally (0 connect failure, 0 send limit, 0 transport error)], stompSubProtocol[processed CONNECT(0)-CONNECTED(0)-DISCONNECT(0)], stompBrokerRelay[null], inboundChannel[pool size = 0, active threads = 0, queued tasks = 0, completed tasks = 0], outboundChannel[pool size = 0, active threads = 0, queued tasks = 0, completed tasks = 0], sockJsScheduler[pool size = 2, active threads = 1, queued tasks = 0, completed tasks = 1]
2026-06-28T20:35:37.684+05:30  INFO 10248 --- [smart-legal-backend] [MessageBroker-2] o.s.w.s.c.WebSocketMessageBrokerStats    : WebSocketSession[0 current WS(0)-HttpStream(0)-HttpPoll(0), 0 total, 0 closed abnormally (0 connect failure, 0 send limit, 0 transport error)], stompSubProtocol[processed CONNECT(0)-CONNECTED(0)-DISCONNECT(0)], stompBrokerRelay[null], inboundChannel[pool size = 0, active threads = 0, queued tasks = 0, completed tasks = 0], outboundChannel[pool size = 0, active threads = 0, queued tasks = 0, completed tasks = 0], sockJsScheduler[pool size = 3, active threads = 1, queued tasks = 0, completed tasks = 2]
2026-06-28T20:36:29.784+05:30  INFO 10248 --- [smart-legal-backend] [http-nio-8080-exec-3] o.springdoc.api.AbstractOpenApiResource  : Init duration for springdoc-openapi is: 5593 ms
2026-06-28T20:36:30.450+05:30  WARN 10248 --- [smart-legal-backend] [http-nio-8080-exec-4] c.s.backend.security.WebSecurityConfig   : Unauthorized request to /favicon.ico: Full authentication is required to access this resource
2026-06-28T21:14:52.785+05:30  WARN 10248 --- [smart-legal-backend] [HikariPool-1 housekeeper] com.zaxxer.hikari.pool.HikariPool        : HikariPool-1 - Thread starvation or clock leap detected (housekeeper delta=25m52s959ms237µs900ns).
2026-06-28T21:28:43.377+05:30  WARN 10248 --- [smart-legal-backend] [HikariPool-1 housekeeper] com.zaxxer.hikari.pool.HikariPool        : HikariPool-1 - Thread starvation or clock leap detected (housekeeper delta=1m20s339ms507µs200ns).
2026-06-28T21:31:51.049+05:30  INFO 10248 --- [smart-legal-backend] [MessageBroker-1] o.s.w.s.c.WebSocketMessageBrokerStats    : WebSocketSession[0 current WS(0)-HttpStream(0)-HttpPoll(0), 0 total, 0 closed abnormally (0 connect failure, 0 send limit, 0 transport error)], stompSubProtocol[processed CONNECT(0)-CONNECTED(0)-DISCONNECT(0)], stompBrokerRelay[null], inboundChannel[pool size = 0, active threads = 0, queued tasks = 0, completed tasks = 0], outboundChannel[pool size = 0, active threads = 0, queued tasks = 0, completed tasks = 0], sockJsScheduler[pool size = 4, active threads = 1, queued tasks = 0, completed tasks = 3]
2026-06-28T21:48:25.631+05:30  WARN 10248 --- [smart-legal-backend] [HikariPool-1 housekeeper] com.zaxxer.hikari.pool.HikariPool        : HikariPool-1 - Thread starvation or clock leap detected (housekeeper delta=1m16s101ms247µs700ns).
